"conversation_id_str","created_at","favorite_count","full_text","id_str","image_url","in_reply_to_screen_name","lang","location","quote_count","reply_count","retweet_count","tweet_url","user_id_str","username"
"1751284151897231515","Sat Jan 27 16:40:53 +0000 2024","894","Left side muka i almost dah nak naik merah2 and i cecepat apply this moisturiser and their 5X ceramide barrier moisturiser next day terus hilang weitak tipu skintific s moisturisers are the best!! https://t.co/FCiVLJi2RA","1751284151897231515","https://pbs.twimg.com/media/GE3PngAbsAEh8i_.jpg","","en","Selangor, Malaysia","18","7","80","https://x.com/DahliaRizal/status/1751284151897231515","1153859053589712896","DahliaRizal"
"1808455554601537898","Wed Jul 03 10:59:38 +0000 2024","291","Back to my honest reviewww Kulitku kan tipe yang combination to oily and finallyy Skintific ngeluarin Matte Cushion oksidasinya bagus tahan lama. Foto di bawah keliatan makeup sebelum pergi kerja dan setelahnya pas nongkrongg!! (Shade: Petal) https://t.co/0HI2i6BoEr","1808455554601537898","https://pbs.twimg.com/ext_tw_video_thumb/1808455509110034432/pu/img/zK2dj1uKa08zrJOV.jpg","","in","","2","22","257","https://x.com/zahralds/status/1808455554601537898","1158642234687815680","zahralds"
"1847235827241238817","Fri Oct 18 11:18:35 +0000 2024","433","kapan lg cobaa pake powder tp hasilnya gk dempul??? huhu thankyou skintific walau gak dempul tapi coveragenya cakep bgtt dan ga dry patchess untuk aku yang oily skin ini oil controlnya cakep 8jam makeup masi tahan finishnya flawless &amp; smooth! gokil sih https://t.co/u9nDgia55v","1847235827241238817","https://pbs.twimg.com/media/GaKzL7AasAASYo5.jpg","","in","","1","73","299","https://x.com/cryingbubbies/status/1847235827241238817","1277277848290471936","cryingbubbies"
"1798659187846832160","Thu Jun 06 10:12:22 +0000 2024","339","Jerawat aku kempes 4 hari dibantu sama moist barunya skintific yang anti acne bantu redain rasa perih di jerawat juga pake ini (ada cooling sensation) Tapi abis kempes masih aku pake sih ga cuman pas ad jerawat soalnya bisa bantu nyamarin bekas sekalian https://t.co/0FQtgH0JTa","1798659187846832160","https://pbs.twimg.com/media/GPYe_k5aMAEgoWr.jpg","","in","rainbow","1","17","291","https://x.com/dairypinkid/status/1798659187846832160","1290717205","dairypinkid"
"1590307457028722688","Wed Nov 09 11:36:58 +0000 2022","672","MOISTURIZER VIRAL!! The Originote Ô∏è 50K isi 50 gram VS Skintific Ô∏è 139K isi 30 gram kalian lebih suka yang mana?? #racuninskincare https://t.co/WGu2sBNlvm","1590307457028722688","https://pbs.twimg.com/media/FhHoKwCakAEZLHF.jpg","","in","santiapriani604@gmail.com","9","21","494","https://x.com/skingoldenhour/status/1590307457028722688","1279933889574666241","skingoldenhour"
"1712408700554813605","Thu Oct 12 10:03:43 +0000 2023","542","paling demen kalau ada skincare yg all-in-one begini. pelembap sekaligus bisa atasi bekas jerawat/dark spot. kalau kamu lebih suka skincare-an yg simple cobain moist Skintific ini deh. asli ga butuh brightening serum lagi utk atasi PIE ku https://t.co/qLCvXsZJbK","1712408700554813605","https://pbs.twimg.com/media/F8OyofxaAAAtcVO.jpg","","in","byshofura@gmail.com","1","16","510","https://x.com/azeclair/status/1712408700554813605","366944393","azeclair"
"1851594092121375002","Wed Oct 30 11:56:47 +0000 2024","6","skintific ‡∏Å‡∏£‡∏∞‡∏õ‡∏∏‡∏Å‡∏™‡∏µ‡∏ü‡πâ‡∏≤ ‡πÄ‡∏ô‡∏∑‡πâ‡∏≠‡∏î‡∏µ‡∏°‡∏≤‡∏Å ‡∏ö‡∏≤‡∏á‡πÄ‡∏ö‡∏≤‡∏ã‡∏∂‡∏°‡∏á‡πà‡∏≤‡∏¢ ‡∏ä‡πà‡∏ß‡∏¢‡πÄ‡∏ï‡∏¥‡∏°‡∏Ñ‡∏ß‡∏≤‡∏°‡∏ä‡∏∏‡πà‡∏°‡∏ä‡∏∑‡πâ‡∏ô‡πÉ‡∏´‡πâ‡∏ú‡∏¥‡∏ß ‡∏õ‡∏•‡∏≠‡∏ö‡∏õ‡∏£‡∏∞‡πÇ‡∏•‡∏°‡∏ú‡∏¥‡∏ß ‡πÉ‡∏ä‡πâ‡∏î‡∏µ‡∏à‡∏ô‡∏ï‡πâ‡∏≠‡∏á‡∏ï‡∏∏‡∏ô‡πÑ‡∏ß‡πâ‡πÄ‡∏•‡∏¢‡∏¢ https://t.co/A6cjbhHpAa","1851594092121375002","https://pbs.twimg.com/media/GbIvAs2boAAf42f.jpg","","th","","2","3","12","https://x.com/smilexjynx/status/1851594092121375002","111653809","smilexjynx"
"1848618681548566787","Tue Oct 22 06:53:34 +0000 2024","285","Lately kulitku lagi bagusss bgt . Kalo kulit kalian kering trs sensitif jg cobain moisturizer ini deh Ngebuat kulit lembab tp ga over dan hasilnya bagus bgt bgt kulit jd plumpy dan dipake under sunscreen jg ok bgt alias no pilling . https://t.co/0qSxSIv0bH","1848618681548566787","https://pbs.twimg.com/media/Gaec44HbEAMi60r.jpg","","in","","0","12","257","https://x.com/skincareforfun/status/1848618681548566787","1301163159252738048","skincareforfun"
"1829292889945596336","Thu Aug 29 22:59:46 +0000 2024","567","this is the best moisturiser from skintific EVER!! hilang semua parut parut lama if you have uneven skin darkspot kusam please try this holy grail tub! https://t.co/IdVmvY7L1X","1829292889945596336","https://pbs.twimg.com/media/GWL0KDfbIAAGxHi.jpg","","en","","3","2","224","https://x.com/sabrinazhohir/status/1829292889945596336","1330476191128535041","sabrinazhohir"
"1531943473795936256","Wed Jun 01 10:19:20 +0000 2022","526","meet skintific 5x ceramide moisture gel moisturizer yang jadi favoritku sejak tahun lalu &amp; akan selalu aku rekomendasiin kalo kalian butuh pelembab yang ringan adem &amp; ga bikin greasy kali ini aku bakal cerita kenapa aku suka banget sama produk ini #racuninskincare https://t.co/9mBZ0BfYU9","1531943473795936256","https://pbs.twimg.com/media/FUKOd5PVUAAqV0p.jpg","","in","DKI Jakarta, Indonesia","4","12","105","https://x.com/sunnyblush/status/1531943473795936256","1355793855296069636","sunnyblush"
"1813790106190569888","Thu Jul 18 04:17:14 +0000 2024","456","Update few hours after pakai Skintific Velvet Matte semalam: Even after few hours my skin tetap slay suka this one sebab dia for oily skin but untuk i yang combi prone to dry skin pakai tak rasa kering &amp; crack pun. https://t.co/JnO9qiEiwB","1813790106190569888","https://pbs.twimg.com/media/GSvge84boAA9zKs.jpg","","en","","22","11","359","https://x.com/coffeeorcola/status/1813790106190569888","302386499","coffeeorcola"
"1522849147396583424","Sat May 07 08:01:44 +0000 2022","248","Sebagai orang yang punya kulit berminyak aku tau banget gimana struggle nya untuk cari moisturizer yang ringan dan nyaman di kulit. Nah moisturizer #Skintific ini menurutku oke banget. Teksturnya ringan nyerapnya cepat tapi lembabnya enggak neko-neko. #racuninskincare https://t.co/mxb6VeT4ol","1522849147396583424","https://pbs.twimg.com/media/FSI_OQYUcAMV6CY.jpg","","in","Bogor, Jawa Barat","2","6","161","https://x.com/skincarian/status/1522849147396583424","1361669456041103364","skincarian"
"1537776222473961474","Fri Jun 17 12:36:36 +0000 2022","229","siapa yg penasaran sama serum 5x ceramides nya skintific? yang suka sama moist skintific bakal suka juga sama ini sih! efek shooting berasa bgt dan cocok jg jadi hydrating serum juga ini full review aku setelah pake 3 mingguan #racuninskincare #skintific https://t.co/cyG52wgrex","1537776222473961474","https://pbs.twimg.com/media/FVdHUUeakAEPbaK.jpg","","in","","1","4","99","https://x.com/milktean00dle/status/1537776222473961474","1154667095612780544","milktean00dle"
"1753359029131518357","Fri Feb 02 10:05:43 +0000 2024","177","Kulit ku yang sensitif dan jerawat sekarang lumayan lebih sehat karena nyobain produk ini selama 2 minggu kurang nampol betul sih ini moisture gel nya. Bikin kulit lebih lembab dan kulit lebih plummppy redness dan bekas jerawat membaik #athread #reviewskincare #skintific https://t.co/VbgMQGqVN4","1753359029131518357","https://pbs.twimg.com/media/GFUuvmsbgAASstW.jpg","","in","","1","83","23","https://x.com/varaarylinzar/status/1753359029131518357","544123865","varaarylinzar"
"1851119771271774585","Tue Oct 29 04:32:00 +0000 2024","18","Skintific ‡∏°‡∏µ‡πÄ‡∏ã‡∏£‡∏±‡πà‡∏°‡πÅ‡∏ß‡∏°‡πÑ‡∏û‡∏£‡πå‡∏•‡∏∞‡πÄ‡∏î‡πâ‡∏≠ ‡∏ú‡∏•‡∏±‡∏î‡πÄ‡∏ã‡∏•‡∏•‡πå‡∏ú‡∏¥‡∏ß‡πÅ‡∏ö‡∏ö‡∏à‡∏∂‡πâ‡∏á‡πÜ ‡∏ä‡πà‡∏ß‡∏¢‡πÉ‡∏´‡πâ‡∏ú‡∏¥‡∏ß‡∏Å‡∏£‡∏∞‡∏à‡πà‡∏≤‡∏á‡πÉ‡∏™ ‡πÄ‡∏£‡∏µ‡∏¢‡∏ö‡πÄ‡∏ô‡∏µ‡∏¢‡∏ô ‡∏ó‡∏≤‡∏ó‡∏¥‡πâ‡∏á‡πÑ‡∏ß‡πâ 1-5 ‡∏ô‡∏≤‡∏ó‡∏µ‡πÅ‡∏•‡πâ‡∏ß‡∏•‡πâ‡∏≤‡∏á‡∏≠‡∏≠‡∏Å‡∏î‡πâ‡∏ß‡∏¢‡∏ô‡πâ‡∏≥‡πÄ‡∏õ‡∏•‡πà‡∏≤ ‡∏ä‡πà‡∏ß‡∏á‡πÅ‡∏£‡∏Å‡πÉ‡∏ä‡πâ 1-2 ‡∏Ñ‡∏£‡∏±‡πâ‡∏á‡∏ï‡πà‡∏≠‡∏™‡∏±‡∏õ‡∏î‡∏≤‡∏´‡πå ‡πÅ‡∏•‡πâ‡∏ß‡∏Ñ‡πà‡∏≠‡∏¢‡πÄ‡∏û‡∏¥‡πà‡∏°‡πÄ‡∏õ‡πá‡∏ô 2-3 ‡∏Ñ‡∏£‡∏±‡πâ‡∏á ‡∏´‡πâ‡∏≤‡∏°‡∏•‡∏∑‡∏°‡∏ó‡∏≤ Moisturizer ‡∏ó‡∏µ‡πà‡∏ä‡πà‡∏ß‡∏¢‡πÄ‡∏û‡∏¥‡πà‡∏°‡∏Ñ.‡∏ä‡∏∏‡πà‡∏°‡∏ä‡∏∑‡πâ‡∏ô‡∏´‡∏•‡∏±‡∏á‡πÉ‡∏ä‡πâ ‡πÅ‡∏•‡∏∞‡∏´‡πâ‡∏≤‡∏°‡∏•‡∏∑‡∏°‡∏ó‡∏≤‡∏Å‡∏±‡∏ô‡πÅ‡∏î‡∏î‡∏Å‡πà‡∏≠‡∏ô‡∏≠‡∏≠‡∏Å‡∏à‡∏≤‡∏Å‡∏ö‡πâ‡∏≤‡∏ô https://t.co/qmdpONGiwp","1851119771271774585","https://pbs.twimg.com/media/GbB-4mXaIAA8KFC.jpg","","th","‡∏ï‡∏¥‡∏î‡∏ï‡πà‡∏≠ = DM / Line","0","2","108","https://x.com/kynnsk/status/1851119771271774585","925587023724920832","kynnsk"
"1849137688282337519","Wed Oct 23 17:15:54 +0000 2024","202","Skintific products that are WORTH TRYING: 1-Full coverage finishing smooth &amp; flawless. Waterproof! 2-Bibir auto lembap &amp; if consistent boleh cerah! 3-Textured skin clogged pores guna ni. Skin auto licin! 4-Skin barrier rosak repair guna ni skin bersih &amp; healthy! https://t.co/WUFErX9pzv","1849137688282337519","https://pbs.twimg.com/media/Gal0622akAAAu-n.jpg","","en","Kuala Lumpur Federal Territory, Malaysia","2","8","193","https://x.com/ainshares/status/1849137688282337519","1420669187588968451","ainshares"
"1814940816391188511","Sun Jul 21 08:29:45 +0000 2024","213","girl crush pun dah pakai maknanya apa kawan kawan? maknanya skintific tu memang betul best. finishing dia jenis velvet matte tp tak keringkan kulit &amp; will stay even korang pakai berjam jam pun so mmg sesuai untuk oily skin girlies https://t.co/CLHdhBOGcV","1814940816391188511","https://pbs.twimg.com/media/GS_3DSWbQAALKQL.jpg","","in","Kuala Pilah","1","3","219","https://x.com/bckupacc99/status/1814940816391188511","1447509451632566273","bckupacc99"
"1751933953911763136","Mon Jan 29 11:42:58 +0000 2024","420","Pantesan sih ini moisturizer sejuta umat ternyata bikin wajah lebih kenyal dan lembab!! Bikin makeup flawless and gak nge-crackz moist terbaik untuk skinprep Yess this is SKINTIFIC 5x Ceramide Barrier Moisture Gel https://t.co/KZMuCzcOcj","1751933953911763136","https://pbs.twimg.com/media/GFAepAXbYAAkym7.jpg","","in","Bali, Indonesia","0","94","25","https://x.com/utaeeeeee/status/1751933953911763136","2428386445","utaeeeeee"
"1569605918714900483","Tue Sep 13 08:36:27 +0000 2022","210","Finally ikutan nyobain juga moisturizer yang lagi hype dimana mana so here's Skintific 5x Ceramide Barier Repair Moisture Gel Thread Review #racuninskincare #skintificid #skintizen https://t.co/Q7xFDEnN7f","1569605918714900483","https://pbs.twimg.com/media/FchcQVvaMAA0n1r.jpg","","tl","Indonesia","0","11","131","https://x.com/putascuffed/status/1569605918714900483","436504042","putascuffed"
"1574292880268853248","Mon Sep 26 07:00:46 +0000 2022","490","guys skintific punya cushion! jujur bagus banget finishnya satin skin &amp; flawless. ada serum infused: centela 5x ceramide &amp; hyaluronic acid dan juga udah ada SPF 35 PA+++ beneran paket komplit buat cushion di bawah 200rb #Alltimebeautybestie #tacuninmakeup https://t.co/U0dxgUOSXI","1574292880268853248","https://pbs.twimg.com/media/FdkDAWUacAEGNnI.jpg","","in","aanggretya@gmail.com","24","23","117","https://x.com/swextdemon/status/1574292880268853248","982142410401574914","swextdemon"
"1828348227802083821","Tue Aug 27 08:26:01 +0000 2024","185","Skintific ni tak penat ke buat kita jatuh cinta lagi dan lagi? Kali ni i terjebak dengan Skintific 377 Dark Spot Moisture Gel yang katanya boleh lighten dark spots dan boost skin radiance. https://t.co/iF9dKAtdG3","1828348227802083821","https://pbs.twimg.com/media/GV-Y_uPaoAIL9ZR.jpg","","in","","2","4","164","https://x.com/coffeeorcola/status/1828348227802083821","302386499","coffeeorcola"
"1512720423951437829","Sat Apr 09 09:13:48 +0000 2022","345","This is hands down the most exciting eye cream (and the most gigantic one ) i've ever tried! ùó¶ùó∏ùó∂ùóªùòÅùó∂ùó≥ùó∂ùó∞ ùüØùü≤ùü¨¬∞ ùóñùóøùòÜùòÄùòÅùóÆùóπ ùó†ùóÆùòÄùòÄùóÆùó¥ùó≤ùóø ùóüùó∂ùó≥ùòÅùó∂ùóªùó¥ ùóòùòÜùó≤ ùóñùóøùó≤ùóÆùó∫ (20 g) #ReviewnyaMia https://t.co/rVfn3BrYWM","1512720423951437829","https://pbs.twimg.com/media/FP5DLtnaQAElTZ9.jpg","","en","Jakarta, ID","13","4","51","https://x.com/tracesofmia/status/1512720423951437829","1476825574249156608","tracesofmia"
"1700351042289074552","Sat Sep 09 03:30:54 +0000 2023","1987","Hands up to my favorite moisturiser. I've never been so loyal to one particular product until I found this skintific moisturiser. I notice tiny bumps I makin kurang dull skin darkspots tu semua makin kurang tauÔ∏è https://t.co/IhmcYs8LVD","1700351042289074552","https://pbs.twimg.com/media/F5jcQV1bMAApXGu.jpg","","en","","68","10","458","https://x.com/Tiyashare/status/1700351042289074552","1455066674315423744","Tiyashare"
"1533731793735917568","Mon Jun 06 08:45:29 +0000 2022","280","MOISTURIZER TERBAIK YANG PERNAH AKU COBA!!! „Ö° Ini aku udah mau habis 2 jar dan udah ngestock buat jar ketiga. Kalau begini tandanya aku udah bucin banget sama moistnya Skintific #NisyTries #racuninskincare #Skintific #Skintizen https://t.co/xxhm9a5oEc","1533731793735917568","https://pbs.twimg.com/media/FUjo7wZaQAA8lVV.jpg","","in","Surabaya ","8","16","115","https://x.com/nisynwafer/status/1533731793735917568","1059346373491884032","nisynwafer"
"1582883887042113537","Wed Oct 19 23:58:21 +0000 2022","156","Pada tau ngga sekarang moisturizer Skintific ada yg travel size? Gemes bgtt ukurannya kecil gampang dibawa kemana-mana cocok bgt buat yg mau coba moisturizer ini tapi takut ga cocok all skin type belinya disini: Íí∞ https://t.co/ZILgvEAUgt Íí± https://t.co/tQl0GAPdGs","1582883887042113537","https://pbs.twimg.com/ext_tw_video_thumb/1582883802417811456/pu/img/yhvxuwg-KsvMrLj6.jpg","","in","","1","1","158","https://x.com/sunshinesforsky/status/1582883887042113537","1297332880209666048","sunshinesforsky"
"1801811660719722625","Sat Jun 15 02:59:10 +0000 2024","301","YANG KULITNYA ACNE PRONE DAN SUKA BERMASALAH SAMA JERAWAT AYO MERAPAT! Ini moisturizer enak banget buat kalemin jerawat yang lagi meradang bikin cepet kempes tanpa rasa perih! Aku mau review lengkap Skintific 3X ACID di thread ini simak yaa‚§µÔ∏è #racuninskincare https://t.co/WLmyz7l0QY","1801811660719722625","https://pbs.twimg.com/media/GQFSI-dbEAA06ki.jpg","","in","üìçBandung ","2","14","254","https://x.com/hotdeestuffs/status/1801811660719722625","1382170424625176578","hotdeestuffs"
"1530465435543433216","Sat May 28 08:26:09 +0000 2022","178","üá®üá¶Skintific 5X Ceramide Barrier Repair Moisture Gelüá®üá¶ Di thread ini aku mau review salah satu produk #skintific yg viral. Apakah worth to buy? sesuai ga sama klaim nya? apa sebagus yang orang-orang bilang? Langsung aja aku bahas simak sampai habis ya. #racuninskincare https://t.co/ZAYpNfqTJP","1530465435543433216","https://pbs.twimg.com/media/FT1OMX1aQAAx5AO.jpg","","in","","0","3","155","https://x.com/skincareforfun/status/1530465435543433216","1301163159252738048","skincareforfun"
"1851908306861985912","Thu Oct 31 08:45:21 +0000 2024","3","‡∏°‡∏≤‡∏£‡∏µ‡∏ß‡∏¥‡∏ß‡∏Ñ‡∏∏‡∏ä‡∏ä‡∏±‡πà‡∏ôskintific ‡πÅ‡∏ö‡∏ö‡πÄ‡∏£‡∏µ‡∏¢‡∏•‡πÜ‡∏à‡∏≤‡∏Å‡πÉ‡∏à‡∏Ñ‡∏ô‡∏ú‡∏¥‡∏ß‡∏°‡∏±‡∏ô‡∏Ñ‡πà‡∏∞ ‡∏õ‡∏Å‡∏õ‡∏¥‡∏î‡πÉ‡∏´‡πâ‡πÄ‡∏ï‡πá‡∏°‡∏™‡∏¥‡∏ö ‡∏™‡∏¥‡∏ö ‡∏™‡∏¥‡∏ö‡∏ö!! ‡∏£‡∏π‡∏Ç‡∏∏‡∏°‡∏Ç‡∏ô‡πÄ‡∏´‡∏°‡∏∑‡∏≠‡∏ô‡πÑ‡∏°‡πà‡πÄ‡∏Ñ‡∏¢‡∏°‡∏µ‡∏°‡∏≤‡∏Å‡πà‡∏≠‡∏ô‡∏≠‡∏±‡∏ô‡∏ô‡∏µ‡πâ‡∏à‡∏∂‡πâ‡∏á‡∏á‡∏à‡∏£‡∏¥‡∏á‡∏á ‡∏ü‡∏¥‡∏ô‡∏ô‡∏¥‡∏ä‡∏ú‡∏¥‡∏ß‡πÅ‡∏°‡∏ï‡∏ï‡πå‡∏™‡∏ß‡∏¢‡∏™‡∏∏‡∏î‡πÜ‡πÜ ‡∏õ‡∏Å‡∏õ‡∏¥‡∏î‡∏Å‡∏•‡∏≤‡∏á‡πÜ ‡πÄ‡∏ô‡πâ‡∏ô‡∏á‡∏≤‡∏ô‡∏ú‡∏¥‡∏ß ‡∏ü‡∏¥‡∏ô‡∏ô‡∏¥‡∏ä‡∏ú‡∏¥‡∏ß‡∏Ñ‡∏∑‡∏≠‡∏™‡∏ß‡∏¢‡∏°‡∏≤‡∏Å‡πÜ‡∏°‡∏±‡∏ô‡∏â‡πà‡∏≥‡πÇ‡∏Å‡∏•‡∏ß‡πå‡πÄ‡∏´‡∏°‡∏∑‡∏≠‡∏ô‡∏ú‡∏¥‡∏ß‡∏´‡∏ô‡πâ‡∏≤‡∏î‡∏µ‡∏ï‡∏±‡πâ‡∏á‡πÅ‡∏ï‡πà‡πÄ‡∏Å‡∏¥‡∏î ‡∏Ñ‡∏∏‡∏°‡∏°‡∏±‡∏ô‡∏î‡∏µ‡∏ó‡∏±‡πâ‡∏á‡∏Ñ‡∏π‡πà ‡πÄ‡∏ä‡πâ‡∏≤‡∏¢‡∏±‡∏ô‡πÄ‡∏¢‡πá‡∏ô‡∏Ñ‡∏∑‡∏≠‡πÄ‡∏≠‡∏≤‡∏≠‡∏¢‡∏π‡πà‡πÑ‡∏°‡πà‡∏´‡∏¢‡∏≤‡πÄ‡∏•‡∏¢‡∏¢ https://t.co/LocQMh5GxR","1851908306861985912","https://pbs.twimg.com/media/GbNMyLrakAACd0p.jpg","","th","‡∏£‡∏µ‡∏ß‡∏¥‡∏ß/‡∏™‡πà‡∏á‡∏ï‡πà‡∏≠‡πÄ‡∏Ñ‡∏£‡∏∑‡πà‡∏≠‡∏á‡∏™‡∏≥‡∏≠‡∏≤‡∏áüåü","0","1","5","https://x.com/pearyreview_/status/1851908306861985912","1217453822173278208","pearyreview_"
"1562410844473933824","Wed Aug 24 12:05:48 +0000 2022","192","Rada sedih dulu pernah coba moisturizer viral ini &amp; ga cocok di aku. Padahal teksturnya enaak pol &amp; lembabnya pas Sekarang nekat mau cobain lagii &amp; mau share gimana perkembangannya di kulitkuu Skintific - 5X Ceramide Barrier Repair Moisture Gel #racuninskincare https://t.co/XyAtR4Cujn","1562410844473933824","https://pbs.twimg.com/media/Fa7MXusWIAAhWP3.jpg","","in","adistafarras@gmail.com","1","3","122","https://x.com/bakuchiollyc/status/1562410844473933824","1206572150842257410","bakuchiollyc"
"1802985083558830162","Tue Jun 18 08:41:56 +0000 2024","154","10 days after using Skintific Retinol Here's my honest review https://t.co/PpZtbrIj56 https://t.co/KeajDyloXQ","1802985083558830162","https://pbs.twimg.com/media/GQV9X3laQAEcsXx.jpg","","en","hati aiman","0","2","152","https://x.com/mtunkrm/status/1802985083558830162","215181465","mtunkrm"
"1851960933318561994","Thu Oct 31 12:14:28 +0000 2024","5","‡∏ä‡∏≠‡∏ö‡πÄ‡∏ô‡∏∑‡πâ‡∏≠‡πÄ‡∏ã‡∏£‡∏±‡πà‡∏°‡∏Ç‡∏ß‡∏î‡∏ô‡∏µ‡πâ‡∏Ç‡∏≠‡∏á skintific ‡∏°‡∏≤‡∏Å ‡∏ö‡∏≤‡∏á‡πÄ‡∏ö‡∏≤‡∏ã‡∏∂‡∏°‡∏á‡πà‡∏≤‡∏¢ ‡πÑ‡∏°‡πà‡πÄ‡∏´‡∏ô‡∏≠‡∏∞‡∏ú‡∏¥‡∏ß‡πÄ‡∏•‡∏¢ ‡πÄ‡∏õ‡πá‡∏ô‡∏™‡∏π‡∏ï‡∏£‡∏≠‡πà‡∏≠‡∏ô‡πÇ‡∏¢‡∏ô‡∏î‡πâ‡∏ß‡∏¢‡∏ô‡∏∞ ‡∏°‡∏∑‡∏≠‡πÉ‡∏´‡∏°‡πà‡∏≠‡∏¢‡∏≤‡∏Å‡∏•‡∏≠‡∏á‡πÅ‡∏ô‡∏∞‡∏ô‡∏≥‡πÄ‡∏•‡∏¢ https://t.co/hPHA5CwvvD","1851960933318561994","https://pbs.twimg.com/media/GbN8ppwakAEj_hg.jpg","","th","","1","2","7","https://x.com/smilexjynx/status/1851960933318561994","111653809","smilexjynx"
"1820687062401777810","Tue Aug 06 05:03:17 +0000 2024","553","‡πÄ‡∏´‡πá‡∏ô‡∏Ñ‡∏ô‡∏£‡∏µ‡∏ß‡∏¥‡∏ß‡∏Ñ‡∏∏‡∏ä‡∏ä‡∏±‡πà‡∏ô skintific ‡∏™‡∏π‡∏ï‡∏£‡πÉ‡∏´‡∏°‡πà‡πÄ‡∏¢‡∏≠‡∏∞‡∏°‡∏≤‡∏Å ‡∏û‡∏≠‡πÑ‡∏î‡πâ‡∏•‡∏≠‡∏á‡πÄ‡∏≠‡∏á‡∏Ñ‡∏∑‡∏≠‡∏ä‡∏≠‡∏ö‡∏à‡∏£‡∏¥‡∏á‡πÜ ‚≠êÔ∏è ‡∏™‡∏µ‡πÄ‡∏Ç‡πâ‡∏≤‡∏Å‡∏±‡∏ö‡∏ú‡∏¥‡∏ß‡∏î‡∏µ‡∏Å‡∏ß‡πà‡∏≤‡∏£‡∏∏‡πà‡∏ô‡∏Å‡πà‡∏≠‡∏ô‡πÜ ‡∏ï‡∏¥‡∏î‡πÄ‡∏´‡∏•‡∏∑‡∏≠‡∏á‡∏ï‡∏¥‡∏î‡∏™‡πâ‡∏°‡∏ô‡πâ‡∏≠‡∏¢‡∏•‡∏á ‡∏ó‡∏≥‡∏≠‡∏≠‡∏Å‡∏°‡∏≤‡πÄ‡∏Ç‡πâ‡∏≤‡∏Å‡∏±‡∏ö‡∏ú‡∏¥‡∏ß‡∏Ñ‡∏ô‡πÑ‡∏ó‡∏¢‡∏°‡∏≤‡∏Å‡∏Å ‚Äç ‡∏õ‡∏Å‡∏õ‡∏¥‡∏î‡∏î‡∏µ ‡πÄ‡∏Å‡∏•‡∏µ‡πà‡∏¢‡∏á‡πà‡∏≤‡∏¢ ‡∏°‡∏µ‡∏™‡∏µ‡πÉ‡∏´‡πâ‡πÄ‡∏•‡∏∑‡∏≠‡∏Å‡πÄ‡∏¢‡∏≠‡∏∞‡πÉ‡∏ô‡∏£‡∏≤‡∏Ñ‡∏≤‡∏´‡∏•‡∏±‡∏Å‡∏£‡πâ‡∏≠‡∏¢! ‡πÉ‡∏ä‡πâ‡πÅ‡∏•‡πâ‡∏ß‡∏ú‡∏¥‡∏ß‡∏™‡∏ß‡∏¢‡∏ï‡∏∞‡πÇ‡∏Å‡∏ô‡∏ô T-T https://t.co/MJNufNCZVB","1820687062401777810","https://pbs.twimg.com/media/GURhOnCXUAAdrK_.jpg","","th","","0","1","221","https://x.com/ifeelsopeach/status/1820687062401777810","1185826380","ifeelsopeach"
"1829506919649939825","Fri Aug 30 13:10:14 +0000 2024","214","Moisturiser skintific yang underrated sebab tak ramai tahu dia bagus!! I pernah review moisturiser ni dulu. Paling function untuk pudarkan parut jerawat and dark spot. Contoh: dahi i makin licin sebab parut dah pudar hehe https://t.co/VGxeC7xvE3","1829506919649939825","https://pbs.twimg.com/media/GWO210baAAAqvSy.jpg","","in","","0","1","90","https://x.com/Nurintashaa/status/1829506919649939825","936969084","Nurintashaa"
"1445331741904834563","Tue Oct 05 10:15:14 +0000 2021","295","[REVIEW] Skintific Barrier Repair Moisturizer Gel Moisturizer gel terenak untuk oily skin yang pernah aku cobain! Teksturnya gel ringan Mengandung Ceramide Mengandung Hyaluronic Acid #racuninskincare https://t.co/Ppy1Wgn271","1445331741904834563","https://pbs.twimg.com/media/FA7ZjXQVkAoc6ZH.jpg","","in","Bogor, Jawa Barat","5","4","98","https://x.com/skincarian/status/1445331741904834563","1361669456041103364","skincarian"
"1771906864944669164","Sun Mar 24 14:28:11 +0000 2024","235","3 SEBAB kenapa Micellar Water from Skintific ni is the must-have untuk korang. 1. Tak perlu tuang just tekan ja pump kat atas tu. Very easy. 2. Isi dia banyak dengan harga yang very affordable. Besar tau botol dia. 3. Can clean waterproof makeup. https://t.co/h42aEhMcXo","1771906864944669164","https://pbs.twimg.com/media/GJcT5XuaMAES4Gx.jpg","","in","Sabah, Malaysia","2","2","126","https://x.com/youthayuju/status/1771906864944669164","1292062879605125121","youthayuju"
"1853047066383224861","Sun Nov 03 12:10:23 +0000 2024","5","‡∏ô‡πâ‡∏≠‡∏á‡∏Å‡∏£‡∏∞‡∏õ‡∏∏‡∏Å‡∏ü‡πâ‡∏≤ skintific ‡∏ä‡∏≠‡∏ö‡πÇ‡∏ö‡∏Å‡∏Å‡πà‡∏≠‡∏ô‡∏ô‡∏≠‡∏ô ‡∏•‡∏á‡∏Å‡πà‡∏≠‡∏ô‡πÅ‡∏ï‡πà‡∏á‡∏´‡∏ô‡πâ‡∏≤‡∏Å‡πá‡πÑ‡∏î‡πâ ‡πÑ‡∏°‡πà‡∏´‡∏ô‡∏±‡∏Å‡∏ú‡∏¥‡∏ß‡πÄ‡∏•‡∏¢ ‡πÄ‡∏ô‡∏∑‡πâ‡∏≠‡∏î‡∏µ‡∏°‡∏≤‡∏Å ‡∏ö‡∏≤‡∏á‡πÄ‡∏ö‡∏≤‡∏ã‡∏∂‡∏°‡∏á‡πà‡∏≤‡∏¢ ‡∏ä‡πà‡∏ß‡∏¢‡πÄ‡∏ï‡∏¥‡∏°‡∏Ñ‡∏ß‡∏≤‡∏°‡∏ä‡∏∏‡πà‡∏°‡∏ä‡∏∑‡πâ‡∏ô‡πÉ‡∏ä‡πâ‡∏î‡∏µ‡∏à‡∏ô‡∏ï‡πâ‡∏≠‡∏á‡∏ï‡∏∏‡∏ô‡πÑ‡∏ß‡πâ‡∏ï‡∏•‡∏≠‡∏î https://t.co/rsD6rMziNx","1853047066383224861","https://pbs.twimg.com/media/GbdYe57bIAAuT5y.jpg","","th","","1","1","8","https://x.com/smilexjynx/status/1853047066383224861","111653809","smilexjynx"
"1793874988115833068","Fri May 24 05:21:40 +0000 2024","204","Having acne really does decrease my confidence sometimes but Skintific's Liquid Foundation sumpah coverage dia memang padu!! There's no flaws that can be seen??? Like hello??? What sorcery is this??? https://t.co/LFnNdDMbTZ","1793874988115833068","https://pbs.twimg.com/media/GOUfyk1bcAAQixQ.jpg","","en","Perak","0","5","101","https://x.com/yanaazmill/status/1793874988115833068","1196994517682946048","yanaazmill"
"1757321241806225817","Tue Feb 13 08:30:08 +0000 2024","1296","Satu lagi product skintific yang i dah try: gel moisturiser Moisturiser palingggg sejuk lah setakat ni. Dia guna real gel tau sebab tu bila terbalikkan pun tak tumpah. Magic tak? My husband who is acne-prone skin cakap memang onzzzz untuk surutkan acne!!! https://t.co/n0gjUBGYtC","1757321241806225817","https://pbs.twimg.com/media/GGNCU3cXUAAFW5s.jpg","","in","","33","7","356","https://x.com/Nurintashaa/status/1757321241806225817","936969084","Nurintashaa"
"1769772375778951600","Mon Mar 18 17:06:29 +0000 2024","385","‡πÉ‡∏ô‡∏ê‡∏≤‡∏ô‡∏∞‡∏ó‡∏µ‡πà‡∏ä‡∏≠‡∏ö‡∏Ñ‡∏π‡∏ä‡∏±‡πà‡∏ô skintific ‡∏°‡∏≤‡∏Å‡πÜ ‡∏Ç‡∏≠‡πÅ‡∏ô‡∏∞‡∏ô‡∏≥‡πÄ‡∏•‡∏¢ ‡πÉ‡∏ä‡πâ‡∏ñ‡∏π‡∏Å‡∏ß‡∏¥‡∏ò‡∏µ‡∏à‡∏∞‡πÑ‡∏î‡πâ‡∏ú‡∏¥‡∏ß‡∏™‡∏ß‡∏¢‡∏ó‡∏±‡πâ‡∏á‡∏ß‡∏±‡∏ô ‡∏ï‡∏¥‡∏î‡∏ó‡∏ô ‡∏´‡∏ô‡πâ‡∏≤‡πÅ‡∏ô‡πà‡∏ô ‡∏õ‡∏¥‡∏î‡∏£‡∏≠‡∏¢‡∏Å‡∏£‡∏¥‡∏ö‡∏°‡∏≤‡∏Å ‡πÅ‡∏•‡πâ‡∏ß‡∏Å‡πá‡∏ó‡∏ô‡πÄ‡∏´‡∏á‡∏∑‡πà‡∏≠‡∏ó‡∏ô‡∏Ñ‡∏ß‡∏≤‡∏°‡∏°‡∏±‡∏ô‡∏î‡πâ‡∏ß‡∏¢ ‡∏Å‡πà‡∏≠‡∏ô‡∏≠‡∏∑‡πà‡∏ô ‡∏ñ‡πâ‡∏≤‡∏ú‡∏¥‡∏ß‡∏Ç‡∏≤‡∏ß‡∏Å‡∏ß‡πà‡∏≤ n21 ‡πÅ‡∏ô‡∏∞‡∏ô‡∏≥‡∏ß‡πà‡∏≤‡πÑ‡∏°‡πà‡∏ï‡πâ‡∏≠‡∏á‡∏ã‡∏∑‡πâ‡∏≠‡πÄ‡∏•‡∏¢‡∏ô‡πâ‡∏≤‡∏Ñ‡πâ‡∏≤‡∏ö ‡πÄ‡∏û‡∏£‡∏≤‡∏∞‡∏ß‡πà‡∏≤‡∏™‡∏µ‡∏°‡∏±‡∏ô‡πÄ‡∏´‡∏•‡∏∑‡∏≠‡∏á‡∏°‡∏≤‡∏Å ‡πÅ‡∏•‡πâ‡∏ß‡πÄ‡∏ö‡∏≠‡∏£‡πå 01 ‡∏Å‡πá‡πÑ‡∏°‡πà‡∏Ç‡∏≤‡∏ß‡πÄ‡∏•‡∏¢ ‡∏ô‡πâ‡∏≠‡∏á‡πÄ‡∏£‡∏≤‡∏ú‡∏¥‡∏ß 19 ‡∏Ñ‡∏∑‡∏≠‡πÉ‡∏ä‡πâ‡πÑ‡∏°‡πà‡πÑ‡∏î‡πâ‡πÅ‡∏•‡πâ‡∏ß‡∏Ñ‡∏±‡∏ö https://t.co/oReCvvrh2Y","1769772375778951600","https://pbs.twimg.com/media/GI9-lxHagAIBcO7.jpg","","th","forwork add line 0713x","4","3","248","https://x.com/hbker07/status/1769772375778951600","279425885","hbker07"
"1564955999160528896","Wed Aug 31 12:39:20 +0000 2022","247","salah satu sunscreen favoritku yang aku coba di tahun ini beneran feels like serum. super lightweight lembab &amp; no whitecast. i can say this is my favorite product from skintific. kalau kalian lagi cari sunscreen dengan kriteria diatas bisa baca &amp; save thread ini https://t.co/VMnkDK4xZh","1564955999160528896","https://pbs.twimg.com/media/FbfXLcOVsAAuolD.jpg","","in","biabeautypage@gmail.com","4","8","87","https://x.com/orchidpoison/status/1564955999160528896","1026351452761944064","orchidpoison"
"1790588437684523233","Wed May 15 03:42:05 +0000 2024","804","‡∏ô‡∏µ‡πà‡∏•‡∏≠‡∏á‡∏ó‡∏≥‡∏ï‡∏≤‡∏°‡∏ó‡∏£‡∏¥‡∏Ñ‡∏ô‡∏µ‡πâ‡∏Ç‡∏≠‡∏á‡∏°‡∏¥‡πâ‡∏ô‡∏ä‡∏µ‡πà ‡∏•‡∏á‡∏°‡∏≠‡∏¢‡πÄ‡∏à‡∏≠‡∏£‡πå‡∏ó‡∏µ‡πà‡πÄ‡∏ô‡∏∑‡πâ‡∏≠‡πÅ‡∏ö‡∏ö‡∏ö‡∏≤‡∏á‡πÄ‡∏ö‡∏≤ ‡πÄ‡∏à‡∏•‡πÜ ‡∏≠‡∏¢‡πà‡∏≤‡∏á‡πÄ‡∏£‡∏≤‡∏Å‡πá‡πÉ‡∏ä‡πâ skintific ‡πÄ‡∏´‡∏°‡∏∑‡∏≠‡∏ô‡∏Å‡∏±‡∏ô ‡∏ï‡∏±‡∏ß‡∏ô‡∏µ‡πâ‡∏î‡∏µ‡∏°‡∏≤‡∏Å‡∏Å! ‡πÄ‡∏õ‡πá‡∏ô‡πÄ‡∏ô‡∏∑‡πâ‡∏≠‡∏ó‡∏µ‡πà‡∏ñ‡∏π‡∏Å‡∏ï‡πâ‡∏≠‡∏á ‡πÑ‡∏°‡πà‡πÉ‡∏ä‡πà‡πÄ‡∏ô‡∏∑‡πâ‡∏≠‡∏Ñ‡∏£‡∏µ‡∏°‡∏´‡∏ô‡∏±‡∏Å‡πÜ‡∏•‡∏á‡∏Å‡πà‡∏≠‡∏ô‡πÅ‡∏ï‡πà‡∏á‡∏´‡∏ô‡πâ‡∏≤ ‡∏¢‡∏¥‡πà‡∏á‡πÅ‡∏ä‡πà‡πÄ‡∏¢‡πá‡∏ô‡∏°‡∏≤‡∏¢‡∏¥‡πà‡∏á‡∏î‡∏µ ‡πÑ‡∏ß‡πâ clam ‡∏ú‡∏¥‡∏ß ‡∏ó‡∏¥‡πâ‡∏á‡πÑ‡∏ß‡πâ‡∏™‡∏±‡∏Å 10 ‡∏ô‡∏≤‡∏ó‡∏µ (‡∏ñ‡πâ‡∏≤‡∏°‡∏µ‡πÄ‡∏ß‡∏•‡∏≤) ‡πÅ‡∏•‡∏∞‡∏ã‡∏±‡∏ö‡∏≠‡∏≠‡∏Å‡∏î‡πâ‡∏ß‡∏¢‡∏ó‡∏¥‡∏ä‡∏ä‡∏π‡πà ‡∏°‡∏±‡∏ô‡∏à‡∏∞‡πÑ‡∏î‡πâ‡∏ü‡∏¥‡∏•‡∏ú‡∏¥‡∏ß‡∏ô‡∏∏‡πà‡∏°‡∏°‡∏≤‡∏Å‡∏Å https://t.co/jkR8bQBY8I","1790588437684523233","https://pbs.twimg.com/media/GNlyr_wa0AACsAK.jpg","","th","‡∏ô‡∏≥‡∏£‡∏π‡∏õ‡πÑ‡∏õ‡πÉ‡∏ä‡πâ‡πÇ‡∏î‡∏¢‡πÑ‡∏°‡πà‡∏Ç‡∏≠ ‡∏õ‡∏£‡∏±‡∏ö 1,000‡∏ø","1","3","399","https://x.com/soundkaoreview/status/1790588437684523233","1530062506793656320","soundkaoreview"
"1509813591977107461","Fri Apr 01 10:37:58 +0000 2022","442","2. Skintific 5x Ceramide Moisturize Gel Rating: 10/10 gak suka tekstur lotion? pilih ini. tipe gel yang di kulit langsung meleleh dan RINGAN BGT di kulit! meskipun begitu kandungannya juga cakep ada centella yg bisa calming jerawatmu atau kulit yg kemerahan! harga 139k/30ml https://t.co/0NQcLn7WgY","1509842502798704642","https://pbs.twimg.com/media/FPQJv34acAEap71.jpg","cicamatcha","in","cicamatcha0806@gmail.com","86","19","24","https://x.com/cicamatcha/status/1509842502798704642","1144085647860195329","cicamatcha"
"1851160231298154595","Tue Oct 29 07:12:46 +0000 2024","1","‡πÉ‡∏ä‡πâ‡∏°‡∏≠‡∏¢‡∏™‡πå‡∏ï‡∏≤‡∏°‡∏Ñ‡∏∏‡∏ô‡∏ô‡∏û‡∏¥‡∏°‡∏ê‡∏≤ Skintific 5x ceramide ‡∏ï‡∏±‡∏ß‡∏ô‡∏µ‡πâ‡∏ï‡πâ‡∏≠‡∏á‡∏°‡∏µ‡∏ï‡∏¥‡∏î‡∏ö‡πâ‡∏≤‡∏ô‡∏ï‡∏•‡∏≠‡∏î ‡∏ã‡∏∑‡πâ‡∏≠‡∏ã‡πâ‡∏≥‡πÑ‡∏õ‡πÄ‡∏¢‡∏≠‡∏∞‡∏°‡∏≤‡∏Å ‡πÜ ‡∏ä‡πà‡∏ß‡∏á‡πÑ‡∏´‡∏ô‡∏ú‡∏¥‡∏ß‡πÅ‡∏´‡πâ‡∏á ‡πÜ ‡∏Ñ‡∏∑‡∏≠‡∏ä‡∏≠‡∏ö‡∏°‡∏≤‡∏Å‡πÄ‡∏Ç‡∏≤‡∏õ‡∏•‡∏≠‡∏ö‡∏õ‡∏£‡∏∞‡πÇ‡∏•‡∏°‡∏ú‡∏¥‡∏ß‡∏î‡∏µ‡∏™‡∏∏‡∏î ‡πÜ ‡∏•‡∏∞‡∏¢‡∏±‡∏á‡πÄ‡∏™‡∏£‡∏¥‡∏°‡πÄ‡∏Å‡∏£‡∏≤‡∏∞‡πÉ‡∏´‡πâ‡∏ú‡∏¥‡∏ß‡∏î‡πâ‡∏ß‡∏¢‡πÅ‡∏ö‡∏ö‡πÑ‡∏°‡πà‡∏≠‡∏∏‡∏õ‡∏ó‡∏≤‡∏ô ‡∏ú‡∏¥‡∏ß‡πÅ‡∏Ç‡πá‡∏á‡πÅ‡∏£‡∏á‡∏Ç‡∏∂‡πâ‡∏ô‡∏à‡∏£‡∏¥‡∏á ‡πÜ https://t.co/Z4oSCrFsI6","1851160231298154595","https://pbs.twimg.com/media/GbCkaZNbQAIdfSP.jpg","","th","","0","1","1","https://x.com/usedstuffxpcpp/status/1851160231298154595","1959821256","usedstuffxpcpp"
"1851085778413371459","Tue Oct 29 02:16:55 +0000 2024","6","‡∏´‡∏•‡∏±‡∏á‡∏à‡∏≤‡∏Å‡πÅ‡∏ï‡πà‡∏á‡∏´‡∏ô‡πâ‡∏≤‡πÑ‡∏õ 8 ‡∏ä‡∏±‡πà‡∏ß‡πÇ‡∏°‡∏á skintific ‡∏ï‡∏•‡∏±‡∏ö‡∏ü‡πâ‡∏≤‡∏™‡∏π‡∏ï‡∏£‡πÅ‡∏°‡∏ó‡∏ó‡πå‡∏ô‡∏≤‡∏á‡πÄ‡∏≠‡∏≤‡∏≠‡∏¢‡∏π‡πà‡∏ô‡∏∞ ‡∏ï‡∏∞‡∏•‡∏≠‡∏ô‡πÑ‡∏õ‡∏ï‡∏•‡∏≤‡∏î‡∏ô‡∏±‡∏î‡∏£‡πâ‡∏≠‡∏ô‡πÜ‡πÑ‡∏î‡πâ‡πÅ‡∏ö‡∏ö‡πÄ‡∏´‡∏á‡∏∑‡πà‡∏≠‡∏ã‡∏Å‡πÜ ‡πÅ‡∏ï‡πà‡∏ú‡∏¥‡∏ß‡∏¢‡∏±‡∏á‡∏™‡∏ß‡∏¢ ‡πÄ‡∏´‡∏°‡∏≤‡∏∞‡∏Å‡∏±‡∏ö‡∏Ñ‡∏ô‡∏ú‡∏¥‡∏ß‡∏°‡∏±‡∏ô ‡∏´‡∏ô‡πâ‡∏≤‡πÑ‡∏°‡πà‡πÄ‡∏¢‡∏¥‡πâ‡∏°‡πÄ‡∏Å‡∏¥‡∏ô‡πÄ‡∏ö‡∏≠‡∏£‡πå ‡πÅ‡∏ï‡πà‡∏à‡∏≤‡∏Å‡∏ó‡∏µ‡πà‡∏•‡∏≠‡∏á‡πÉ‡∏ä‡πâ‡∏°‡∏≤‡∏´‡∏•‡∏≤‡∏¢‡πÜ‡∏£‡∏≠‡∏ö ‡πÄ‡∏ß‡∏•‡∏≤‡∏≠‡∏≠‡∏Å‡πÅ‡∏î‡∏î‡πÅ‡∏•‡πâ‡∏ß‡πÄ‡∏´‡∏á‡∏∑‡πà‡∏≠‡∏Å‡∏±‡∏ö‡∏ô‡πâ‡∏≥‡∏°‡∏±‡∏ô‡∏ö‡∏ô‡∏ú‡∏¥‡∏ß‡πÄ‡∏£‡∏≤‡∏≠‡∏≠‡∏Å‡πÄ‡∏¢‡∏≠‡∏∞‡πÜ ‡∏Ç‡πâ‡∏≠‡∏Ñ‡∏ß‡∏£‡∏£‡∏∞‡∏ß‡∏±‡∏á‡∏Ñ‡∏∑‡∏≠ ‡∏´‡πâ‡∏≤‡∏°‡∏ó‡∏±‡∏ä‡∏´‡∏ô‡πâ‡∏≤ ‡∏´‡πâ‡∏≤‡∏°‡∏ã‡∏±‡∏ö‡∏°‡∏±‡∏ô https://t.co/liSUrGn1F4","1851085778413371459","https://pbs.twimg.com/media/GbBgssTbQAM_zGe.jpg","","th","","2","5","27","https://x.com/parkropreview/status/1851085778413371459","904730341482479616","parkropreview"
"1850814158784319515","Mon Oct 28 08:17:36 +0000 2024","1","‡∏î‡πâ‡∏ß‡∏¢‡∏Ñ‡∏ß‡∏≤‡∏°‡∏ó‡∏µ‡πà‡∏ä‡∏≠‡∏ö‡πÉ‡∏ä‡πâ skintific ‡∏´‡∏•‡∏≤‡∏¢‡∏≠‡∏¢‡πà‡∏≤‡∏á ‡∏•‡πà‡∏≤‡∏™‡∏∏‡∏î‡πÑ‡∏õ‡∏ã‡∏∑‡πâ‡∏≠‡∏ï‡∏±‡∏ß‡∏ô‡∏µ‡πâ‡∏°‡∏≤‡πÉ‡∏ä‡πâ ‡πÉ‡∏ä‡πâ‡∏°‡∏≤‡πÄ‡∏£‡∏∑‡πà‡∏≠‡∏¢‡πÜ‡∏ô‡πà‡∏≤‡∏à‡∏∞‡πÄ‡∏Å‡∏∑‡∏≠‡∏ö‡πÄ‡∏î‡∏∑‡∏≠‡∏ô‡πÑ‡∏î‡πâ ‡∏£‡∏π‡πâ‡∏™‡∏∂‡∏Å‡∏ß‡πà‡∏≤‡∏ú‡∏¥‡∏ß‡∏´‡∏ô‡πâ‡∏≤‡∏°‡∏±‡∏ô‡∏î‡∏π‡πÄ‡∏ô‡∏µ‡∏¢‡∏ô‡∏Ç‡∏∂‡πâ‡∏ô ‡∏ï‡∏≠‡∏ô‡πÅ‡∏£‡∏Å‡πÑ‡∏°‡πà‡πÑ‡∏î‡πâ‡∏™‡∏±‡∏á‡πÄ‡∏Å‡∏ï‡∏∏‡∏£‡∏≠‡∏¢‡∏à‡∏ô‡πÑ‡∏õ‡∏Ç‡∏∏‡∏î‡πÄ‡∏à‡∏≠‡∏£‡∏π‡∏õ‡πÄ‡∏Å‡πà‡∏≤‡∏ñ‡πà‡∏≤‡∏¢‡πÑ‡∏ß‡πâ ‡πÄ‡∏•‡∏¢‡πÑ‡∏î‡πâ‡∏£‡∏π‡πâ‡∏ß‡πà‡∏≤‡∏£‡∏≠‡∏¢‡πÅ‡∏î‡∏á‡∏ó‡∏µ‡πà‡πÄ‡∏Ñ‡∏¢‡∏°‡∏µ ‡∏ö‡∏≤‡∏á‡∏à‡∏∏‡∏î‡∏°‡∏±‡∏ô‡πÄ‡∏£‡∏¥‡πà‡∏°‡∏´‡∏≤‡∏¢‡πÑ‡∏õ ‡∏û‡∏≠‡πÄ‡∏´‡πá‡∏ô‡∏á‡∏±‡πâ‡∏ô‡∏õ‡∏∏‡πä‡∏ö‡∏£‡∏µ‡∏ö‡∏°‡∏≤‡∏ó‡∏≥‡∏£‡∏µ‡∏ß‡∏¥‡∏ß‡πÄ‡∏•‡∏¢ ‡∏£‡∏π‡∏∏‡πâ‡∏™‡∏∂‡∏Å‡∏ß‡πà‡∏≤‡πÄ‡∏≠‡∏≠‡∏î‡∏µ‡∏Ç‡∏≠‡∏á‡∏°‡∏±‡∏ô‡∏ï‡πâ‡∏≠‡∏á‡πÅ‡∏ä‡∏£‡πå https://t.co/74ZkxbsBnq","1850814158784319515","https://pbs.twimg.com/media/Ga9plkda8AA1WiT.jpg","","th","Bangkok, Thailand","0","2","4","https://x.com/KIKI48_xx/status/1850814158784319515","1362207890","KIKI48_xx"
"1742101815330791721","Tue Jan 02 08:33:34 +0000 2024","1133","‡πÑ‡∏°‡πà‡πÅ‡∏õ‡∏•‡∏Å‡∏ó‡∏≥‡πÑ‡∏°‡∏°‡∏µ‡πÅ‡∏ï‡πà‡∏Ñ‡∏ô‡∏´‡∏ß‡∏µ‡∏î ‡∏Ñ‡∏∏‡∏ä‡∏ä‡∏±‡πà‡∏ô skintific ‡∏ñ‡∏π‡∏Å‡πÅ‡∏ï‡πà‡∏î‡∏µ‡∏°‡∏≤‡∏Å‡∏Å‡∏Å‡∏Å‡∏Å‡∏Å -‡∏õ‡∏Å‡∏õ‡∏¥‡∏î‡∏Å‡∏£‡∏¥‡∏ö ‡∏™‡∏ô‡∏¥‡∏ó‡πÅ‡∏ö‡∏ö full coverage -‡∏ï‡∏ö‡∏õ‡∏∏‡πä‡∏ö‡πÄ‡∏ô‡∏µ‡∏¢‡∏ô‡∏õ‡∏±‡πä‡∏ö ‡πÅ‡∏ï‡πà‡∏ú‡∏¥‡∏ß‡πÑ‡∏°‡πà‡πÑ‡∏î‡πâ‡πÅ‡∏°‡∏ï‡∏ï‡πå‡∏à‡∏ô‡∏Å‡∏£‡∏±‡∏á -‡∏ú‡∏¥‡∏ß‡πÄ‡∏•‡πà‡∏ô‡πÅ‡∏™‡∏á‡∏™‡∏ß‡∏¢ ‡∏´‡∏ô‡πâ‡∏≤‡πÄ‡∏ô‡∏µ‡∏¢‡∏ô‡∏°‡∏≤‡∏Å -‡πÑ‡∏°‡πà‡∏´‡∏¢‡∏∑‡∏≠ ‡πÑ‡∏°‡πà‡πÄ‡∏°‡∏∑‡∏≠‡∏Å‡∏£‡∏∞‡∏´‡∏ß‡πà‡∏≤‡∏á‡∏ß‡∏±‡∏ô -‡∏Ñ‡∏∏‡∏°‡∏°‡∏±‡∏ô‡∏î‡∏µ‡∏°‡∏≤‡∏Å‡∏Å‡∏Å‡∏Å‡∏Å‡∏Å‡∏Å‡∏Å‡∏Å‡∏Å‡∏Å‡∏Å‡∏Å‡∏Å‡∏Å‡∏Å‡∏Å https://t.co/Hzy7TozIDT","1742101815330791721","https://pbs.twimg.com/media/GC0wXWnakAAK8aW.jpg","","th","‡∏ï‡∏¥‡∏î‡∏ï‡πà‡∏≠‡∏á‡∏≤‡∏ô : DM üôáüèº‚Äç‚ôÄÔ∏èüíì","21","27","863","https://x.com/reviewchoey/status/1742101815330791721","514076912","reviewchoey"
"1850898506976018942","Mon Oct 28 13:52:46 +0000 2024","1","‡∏ú‡∏¥‡∏ß‡∏Å‡∏£‡∏¥‡∏ö‡∏à‡∏ô‡πÄ‡∏û‡∏∑‡πà‡∏≠‡∏ô‡∏ó‡∏±‡∏Å ‡∏Ñ‡∏∏‡∏ä‡∏ä‡∏±‡πà‡∏ô‡∏ï‡∏•‡∏±‡∏ö‡∏ü‡πâ‡∏≤‡∏Ç‡∏≠‡∏á Skintific ‡∏Ñ‡∏∑‡∏≠‡∏™‡∏£‡πâ‡∏≤‡∏á‡∏ï‡∏≥‡∏ô‡∏≤‡∏ô‡∏™‡∏∏‡∏î‡πÜ ‡πÉ‡∏Ñ‡∏£‡∏ó‡∏µ‡πà‡πÄ‡∏Ñ‡∏¢‡πÉ‡∏ä‡πâ‡∏£‡∏∏‡πà‡∏ô‡πÄ‡∏Å‡πà‡∏≤‡πÅ‡∏•‡πâ‡∏ß‡∏´‡∏¢‡∏∑‡∏≠ ‡∏≠‡∏¢‡∏≤‡∏Å‡πÉ‡∏´‡πâ‡∏•‡∏≠‡∏á‡∏ï‡∏±‡∏ß‡∏ô‡∏µ‡πâ‡∏à‡∏£‡∏¥‡∏á‡πÜ ‡∏ï‡∏¥‡∏î‡∏ó‡∏ô‡∏°‡∏≤‡∏Å‡∏Å‡∏Å‡∏Å ‡∏ú‡∏¥‡∏ß‡∏Å‡∏£‡∏¥‡∏ö‡πÅ‡∏ï‡πà‡πÑ‡∏°‡πà‡∏´‡∏ô‡∏≤‡πÄ‡∏Å‡∏¥‡∏ô‡πÑ‡∏õ ‡πÑ‡∏°‡πà‡∏´‡∏ô‡∏±‡∏Å‡∏ú‡∏¥‡∏ß ‡∏ü‡∏¥‡∏ô‡∏¥‡∏ä‡πÅ‡∏°‡∏ï‡∏ï‡πå ‡∏Ñ‡∏∏‡∏°‡∏°‡∏±‡∏ô‡πÑ‡∏î‡πâ‡∏ó‡∏±‡πâ‡∏á‡∏ß‡∏±‡∏ô‡∏à‡∏£‡∏¥‡∏á‡πÜ ‡∏ï‡∏Å‡∏£‡πà‡∏≠‡∏á‡∏ô‡πâ‡∏≠‡∏¢‡∏Å‡∏ß‡πà‡∏≤‡∏£‡∏∏‡πà‡∏ô‡πÄ‡∏Å‡πà‡∏≤‡∏î‡πâ‡∏ß‡∏¢‡∏¢‡∏¢ #‡πÉ‡∏ä‡πâ‡∏î‡∏µ‡∏ö‡∏≠‡∏Å‡∏ï‡πà‡∏≠ https://t.co/SetSzKOSo4","1850898506976018942","https://pbs.twimg.com/media/Ga-2YKtbIAA_xPE.jpg","","th","ùë¨ùëøùë∂ x ùëµùë™ùëª  x ùëæùíÇùíöùëΩ","0","2","2","https://x.com/mypluems/status/1850898506976018942","930326841637744640","mypluems"
"1792470549832364407","Mon May 20 08:20:56 +0000 2024","174","Pernah tak skin jd pedih &amp; kemerahan lepas remove makeup guna micellar water? Sama lah kita macam udang bakar jadinya Korang guna la Skintific punya ni tak pedih langsung sebab tersangatlah gentle. Dah la power gila remove makeup one swipe je dah gone mascara https://t.co/fPQhCYZyCY","1792470549832364407","https://pbs.twimg.com/media/GOAidlfa8AA5vJY.jpg","","in","","1","1","176","https://x.com/sebbieain/status/1792470549832364407","1365694287975866372","sebbieain"
"1816377285563539948","Thu Jul 25 07:37:46 +0000 2024","167","As a loyal user of skintific since last year I happy sangat with the outcome of this moisturiser. Paling best bila darkspots makin faded and i dah notice yang my skin has brightened a bitÔ∏è https://t.co/fD6UEvQs2U","1816377285563539948","https://pbs.twimg.com/media/GTURd2AaYAEVyjq.jpg","","en","","0","1","165","https://x.com/Tiyashare/status/1816377285563539948","1455066674315423744","Tiyashare"
"1744220092987257335","Mon Jan 08 04:50:50 +0000 2024","2351","‡πÉ‡∏ä‡πâ‡∏Ñ‡∏∏‡∏ä‡∏ä‡∏±‡πà‡∏ô skintific ‡πÑ‡∏õ‡∏Å‡∏¥‡∏ô‡∏Ç‡πâ‡∏≤‡∏ß‡∏Å‡∏±‡∏ö‡πÄ‡∏û‡∏∑‡πà‡∏≠‡∏ô ‡πÅ‡∏•‡πâ‡∏ß‡πÄ‡∏û‡∏∑‡πà‡∏≠‡∏ô‡∏ö‡∏≠‡∏Å‡∏´‡∏ô‡πâ‡∏≤‡∏â‡πà‡∏≥‡∏°‡∏≤‡∏Å ‡∏Ñ‡∏∑‡∏≠‡∏ó‡∏∏‡∏Å‡∏Ñ‡∏ô‡∏ö‡∏ô‡πÇ‡∏ï‡πä‡∏∞‡∏ï‡πâ‡∏≠‡∏á‡∏´‡∏¢‡∏∏‡∏î‡∏Å‡∏¥‡∏ô‡∏•‡∏∞‡∏ñ‡∏≤‡∏° 555555555 ‡∏ñ‡πà‡∏≤‡∏¢‡∏£‡∏π‡∏õ‡∏Å‡∏±‡∏ô‡πÉ‡∏ô‡∏Å‡∏•‡πâ‡∏≠‡∏á‡∏Ñ‡∏∑‡∏≠‡∏ú‡∏¥‡∏ß‡∏™‡∏ß‡∏¢‡∏°‡∏≤‡∏Å‡∏Å‡∏Å‡∏Å‡∏Å ‡∏´‡∏ô‡πâ‡∏≤‡∏â‡πà‡∏≥‡∏™‡∏∏‡∏î ‡∏ô‡∏µ‡πà‡∏¢‡∏Å‡πÉ‡∏´‡πâ‡∏ô‡∏≤‡∏á‡πÄ‡∏õ‡πá‡∏ô‡∏Ñ‡∏∏‡∏ä‡∏ä‡∏±‡πà‡∏ô‡∏ó‡∏µ‡πà‡∏ñ‡πà‡∏≤‡∏¢‡∏£‡∏π‡∏õ‡∏™‡∏ß‡∏¢‡∏™‡∏∏‡∏î‡∏ô‡∏∞ ‡∏ß‡∏±‡∏ô‡πÑ‡∏´‡∏ô‡∏ï‡πâ‡∏≠‡∏á‡∏ñ‡πà‡∏≤‡∏¢‡∏£‡∏π‡∏õ‡∏Å‡πá‡∏à‡∏∞‡πÉ‡∏ä‡πâ‡∏≠‡πà‡∏∞ ‡πÉ‡∏ä‡πâ‡∏ï‡∏±‡πâ‡∏á‡πÅ‡∏ï‡πà‡πÄ‡∏ó‡∏µ‡πà‡∏¢‡∏á‡πÑ‡∏õ‡πÄ‡∏à‡∏≠‡πÄ‡∏û‡∏∑‡πà‡∏≠‡∏ô 2 ‡∏ó‡∏∏‡πà‡∏°‡∏Å‡πá‡πÑ‡∏°‡πà‡∏´‡∏¢‡∏≤ ‡∏´‡∏ô‡πâ‡∏≤‡πÑ‡∏°‡πà‡∏î‡∏£‡∏≠‡∏õ‡πÄ‡∏•‡∏¢ https://t.co/qE0i2r6zBR","1744220092987257335","https://pbs.twimg.com/media/GDS27LqaMAA_oGx.jpg","","th","","35","16","1932","https://x.com/jjdoesitwork/status/1744220092987257335","271467677","jjdoesitwork"
"1837707415384740320","Sun Sep 22 04:16:05 +0000 2024","198","Currently I ada 3 moisturizer best dari Skintific! Each of this ada different function tau. Let me share with you perbezaan 3 moisturizer ni so you guys boleh beli based on your skin concern https://t.co/2WmfKXkPnd","1837707415384740320","https://pbs.twimg.com/media/GYDZJgxbwAAVen6.jpg","","en","Saye dari Sabeh","13","12","142","https://x.com/slenabasic/status/1837707415384740320","767559129963507712","slenabasic"
"1852553853784453150","Sat Nov 02 03:30:32 +0000 2024","6","‡πÄ‡∏ó‡∏Ñ‡∏ô‡∏¥‡∏Ñ‡πÉ‡∏ô‡∏Å‡∏≤‡∏£‡πÅ‡∏ï‡πà‡∏á‡∏´‡∏ô‡πâ‡∏≤‡πÉ‡∏´‡πâ‡∏ï‡∏¥‡∏î‡∏ó‡∏ô‡∏™‡∏ß‡∏¢‡∏ï‡∏•‡∏≠‡∏î‡∏ß‡∏±‡∏ô ‡∏Å‡πá‡∏Ç‡∏∂‡πâ‡∏ô‡∏≠‡∏¢‡∏π‡πà‡∏Å‡∏±‡∏ö‡∏Å‡∏≤‡∏£‡πÄ‡∏•‡∏∑‡∏≠‡∏Å‡πÉ‡∏ä‡πâ‡πÉ‡∏´‡πâ‡πÄ‡∏´‡∏°‡∏≤‡∏∞‡∏Å‡∏±‡∏ö‡∏™‡∏†‡∏≤‡∏û‡∏ú‡∏¥‡∏ß‡∏î‡πâ‡∏ß‡∏¢‡∏ô‡∏∞ ‡∏ú‡∏¥‡∏ß‡πÅ‡∏´‡πâ‡∏á ‡∏Ñ‡∏ß‡∏£‡πÄ‡∏•‡∏∑‡∏≠‡∏Å‡πÉ‡∏ä‡πâ‡∏ó‡∏µ‡πà‡πÄ‡∏û‡∏¥‡πà‡∏°‡∏Ñ‡∏ß‡∏≤‡∏°‡∏ä‡∏∏‡πà‡∏°‡∏ä‡∏∑‡πâ‡∏ô ‡∏â‡πà‡∏≥‡∏ß‡∏≤‡∏ß‡πÉ‡∏´‡πâ‡∏ú‡∏¥‡∏ß ‡∏Ñ‡∏∏‡∏°‡∏°‡∏±‡∏ô‡∏ô‡∏¥‡∏î‡∏´‡∏ô‡πà‡∏≠‡∏¢ ‡πÄ‡∏ô‡πâ‡∏ô‡πÑ‡∏°‡πà‡πÉ‡∏´‡πâ‡∏ú‡∏¥‡∏ß‡πÅ‡∏´‡πâ‡∏á ‡∏ú‡∏¥‡∏ß‡∏°‡∏±‡∏ô ‡∏Ñ‡∏ß‡∏£‡πÄ‡∏•‡∏∑‡∏≠‡∏Å‡∏ó‡∏µ‡πà‡πÉ‡∏ä‡πâ‡πÅ‡∏•‡πâ‡∏ß‡∏•‡∏î‡∏Ñ‡∏ß‡∏≤‡∏°‡∏°‡∏±‡∏ô‡∏ö‡∏ô‡∏ú‡∏¥‡∏ß ‡πÑ‡∏°‡πà‡∏ó‡∏≥‡πÉ‡∏´‡πâ‡∏ú‡∏¥‡∏ß‡∏î‡∏£‡∏≠‡∏õ ‡πÅ‡∏´‡πâ‡∏á‡πÅ‡∏ï‡∏Å ‡πÄ‡∏ô‡πâ‡∏ô‡∏ï‡∏±‡∏ß‡∏ó‡∏µ‡πà‡πÑ‡∏°‡πà‡πÑ‡∏õ‡πÄ‡∏û‡∏¥‡πà‡∏°‡∏Ñ‡∏ß‡∏≤‡∏°‡∏°‡∏±‡∏ô https://t.co/tEzxPjIGKD","1852553853784453150","https://pbs.twimg.com/media/GbWX6GOa8AE-zDh.jpg","","th","dm or line : zion42","2","1","7","https://x.com/JA_quip/status/1852553853784453150","2898718801","JA_quip"
"1749695416671826397","Tue Jan 23 07:27:49 +0000 2024","997","‡πÑ‡∏°‡πà‡∏ï‡∏≤‡∏¢‡∏≠‡∏∞‡πÑ‡∏£‡∏ó‡∏±‡πâ‡∏á‡∏ô‡∏±‡πâ‡∏ô! ‡πÅ‡∏ï‡πà‡∏á‡∏´‡∏ô‡πâ‡∏≤ 7 ‡πÇ‡∏°‡∏á‡πÄ‡∏ä‡πâ‡∏≤ ‡∏≠‡∏¢‡∏π‡πà‡∏ñ‡∏∂‡∏á 4 ‡∏ó‡∏∏‡πà‡∏°‡πÑ‡∏°‡πà‡πÄ‡∏Å‡∏¥‡∏ô‡∏à‡∏£‡∏¥‡∏á ‡∏Ñ‡∏≠‡∏°‡πÇ‡∏ö‡∏´‡∏ô‡πâ‡∏≤‡∏ó‡∏ô‡∏ô ‡πÑ‡∏°‡πà‡∏´‡∏¢‡∏∑‡∏≠‡∏ó‡∏±‡πâ‡∏á‡∏ß‡∏±‡∏ô ‡∏Ñ‡∏∏‡∏ä‡∏ä‡∏±‡πà‡∏ô skintific ‡πÉ‡∏Ñ‡∏£‡πÑ‡∏°‡πà‡∏ä‡∏≠‡∏ö‡∏´‡∏ô‡∏≤‡πÜ ‡πÅ‡∏ô‡∏∞‡∏ô‡∏≥‡πÉ‡∏´‡πâ‡πÉ‡∏ä‡πâ‡πÅ‡∏õ‡∏£‡∏á‡∏•‡∏á ‡∏à‡∏∞‡πÅ‡∏ô‡∏ö‡∏ú‡∏¥‡∏ß ‡πÄ‡∏Å‡∏≤‡∏∞‡∏ú‡∏¥‡∏ß‡∏î‡∏µ‡∏Å‡∏ß‡πà‡∏≤ ‡∏õ‡∏Å‡∏õ‡∏¥‡∏î‡∏î‡∏µ‡∏°‡∏≤‡∏Å‡∏Å ‡πÅ‡∏ï‡πà‡∏¢‡∏±‡∏á‡∏Ñ‡∏á‡∏Ñ‡∏ß‡∏≤‡∏°‡∏ú‡∏¥‡∏ß‡∏™‡∏ß‡∏¢ ‡πÑ‡∏°‡πà‡∏´‡∏ô‡∏≤‡πÄ‡∏ï‡∏≠‡∏∞ ‡πÅ‡∏ï‡πà‡∏á‡∏Å‡∏ô‡πâ‡∏≤‡πÄ‡∏™‡∏£‡πá‡∏à‡∏â‡∏µ‡∏î‡∏™‡πÄ‡∏õ‡∏£‡∏¢‡πå‡∏•‡πá‡∏≠‡∏Ñ‡πÄ‡∏°‡∏Ñ‡∏≠‡∏±‡∏û cute press ‡∏Ñ‡∏∑‡∏≠‡∏™‡∏ß‡∏¢‡πÑ‡∏°‡πà‡∏™‡∏¥‡πâ‡∏ô https://t.co/AEDN1AKjlt","1749695416671826397","https://pbs.twimg.com/media/GEgqtEnbYAA2l35.jpg","","th","‡∏ï‡∏¥‡∏î‡∏ï‡πà‡∏≠‡∏á‡∏≤‡∏ô : DM üôáüèº‚Äç‚ôÄÔ∏èüíì","16","6","705","https://x.com/reviewchoey/status/1749695416671826397","514076912","reviewchoey"
"1746719531350003969","Mon Jan 15 02:22:43 +0000 2024","582","‡∏ã‡∏∑‡πâ‡∏≠ skintific ‡∏ï‡∏≤‡∏°‡∏ä‡∏≤‡∏ß‡πÄ‡∏ô‡πá‡∏ï‡πÅ‡∏•‡πâ‡∏ß‡∏ä‡∏≠‡∏ö‡∏°‡∏≤‡∏Å ‡πÄ‡∏õ‡πá‡∏ô‡∏Ñ‡∏π‡∏ä‡∏ä‡∏±‡πà‡∏ô‡∏ó‡∏µ‡πà‡∏õ‡∏¥‡∏î‡πÅ‡∏ö‡∏ö‡∏Å‡∏£‡∏¥‡∏ö‡πÄ‡∏•‡∏¢ ‡πÉ‡∏ô‡∏£‡∏≤‡∏Ñ‡∏≤‡∏ô‡πà‡∏≤‡∏Ñ‡∏ö‡∏´‡∏≤ ‡∏ú‡∏¥‡∏ß‡πÄ‡∏£‡∏≤‡∏õ‡∏£‡∏∞‡∏°‡∏≤‡∏ì NC23 ‡∏≠‡∏±‡∏ô‡∏ô‡∏µ‡πâ‡πÉ‡∏ä‡πâ‡∏™‡∏µ 02 Ivory ‡∏ó‡∏≤‡πÅ‡∏•‡πâ‡∏ß‡∏´‡∏ô‡πâ‡∏≤‡∏ú‡πà‡∏≠‡∏á‡∏î‡∏µ ‡πÑ‡∏°‡πà‡∏î‡∏£‡∏≠‡∏õ‡∏£‡∏∞‡∏´‡∏ß‡πà‡∏≤‡∏á‡∏ß‡∏±‡∏ô ‡πÑ‡∏°‡πà‡πÅ‡∏°‡∏ó‡πÑ‡∏õ ‡πÇ‡∏î‡∏ô‡πÄ‡∏´‡∏á‡∏∑‡πà‡∏≠‡πÅ‡∏•‡πâ‡∏ß‡∏°‡∏µ‡∏Ñ‡∏ß‡∏≤‡∏°‡∏â‡πà‡∏≥‡πÇ‡∏Å‡∏•‡∏ß‡πå‡∏ô‡∏¥‡∏î‡πÜ ‡∏£‡∏π‡πâ‡∏™‡∏∂‡∏Å‡πÑ‡∏°‡πà‡∏´‡∏¢‡∏≤‡∏£‡∏∞‡∏´‡∏ß‡πà‡∏≤‡∏á‡∏ß‡∏±‡∏ô‡∏î‡πâ‡∏ß‡∏¢ ‡πÅ‡∏ö‡∏ö‡πÄ‡∏£‡∏¥‡πà‡∏î‡∏à‡∏¥‡∏á‡∏á‡∏á‚≠êÔ∏è‚≠êÔ∏è‚≠êÔ∏è https://t.co/onMChJIeEg","1746719531350003969","https://pbs.twimg.com/media/GD2YJjyboAACE3t.jpg","","th","Aff link / rt - dm for work üåê","0","5","188","https://x.com/youxppp/status/1746719531350003969","999556736854867968","youxppp"
"1751560480341238079","Sun Jan 28 10:58:55 +0000 2024","318","semua moisturiser skintific ni viral sampai i confuse haritu nak try yang mana so far yang i tahu; 5x ceramide- breakout skin msh niacinamide- dull skin truffle biome- extra dry &amp; breakout skin symwhite 377- darkspot korang pilih the one that your skin need the most ok! https://t.co/xOwzCy5hhm","1751560480341238079","https://pbs.twimg.com/media/GE7K-KlawAAMmEI.jpg","","en","Malaysia","9","2","169","https://x.com/aidaorable/status/1751560480341238079","1536865142524108800","aidaorable"
"1749437105082601700","Mon Jan 22 14:21:23 +0000 2024","327","‡∏Ç‡∏≠‡∏£‡∏µ‡∏ß‡∏¥‡∏ß skintific ‡πÅ‡∏ö‡∏ö‡∏à‡∏£‡∏¥‡∏á‡πÜ ‡πÅ‡∏ö‡∏ö‡πÑ‡∏°‡πà‡πÇ‡∏î‡∏ô‡∏à‡πâ‡∏≤‡∏á‡∏≠‡∏∞‡πÑ‡∏£‡∏ó‡∏±‡πâ‡∏á‡∏ô‡∏±‡πâ‡∏ô ‡πÑ‡∏°‡πà‡πÑ‡∏î‡πâ‡∏ã‡∏∑‡πâ‡∏≠‡∏°‡∏≤‡∏•‡∏≠‡∏á‡∏î‡πâ‡∏ß‡∏¢ ‡πÅ‡∏ï‡πà‡πÑ‡∏î‡πâ‡πÉ‡∏ä‡πâ‡πÄ‡∏û‡∏£‡∏≤‡∏∞‡∏ô‡πâ‡∏≠‡∏á‡πÄ‡∏£‡∏≤‡∏ã‡∏∑‡πâ‡∏≠‡∏°‡∏≤‡πÅ‡∏•‡πâ‡∏ß‡πÉ‡∏ä‡πâ‡πÑ‡∏°‡πà‡πÑ‡∏î‡πâ ‡πÄ‡∏•‡∏¢‡∏ï‡∏Å‡∏°‡∏≤‡∏ñ‡∏∂‡∏á‡πÄ‡∏£‡∏≤5555555555 ‡∏Å‡πà‡∏≠‡∏ô‡∏≠‡∏∑‡πà‡∏ô‡∏Ç‡∏≠‡∏ö‡∏≠‡∏Å‡∏ß‡πà‡∏≤‡∏î‡∏µ‡∏°‡∏≤‡∏Å‡∏ô‡∏∞ ‡∏î‡πâ‡∏≤‡∏ô‡∏Ñ‡∏ß‡∏≤‡∏°‡∏ï‡∏¥‡∏î‡∏ó‡∏ô‡∏Ñ‡∏∑‡∏≠ 10/10 ‡πÄ‡∏•‡∏¢ ‡∏≠‡∏∂‡πâ‡∏á‡∏°‡∏≤‡∏Å ‡πÉ‡∏ä‡πâ‡∏ä‡∏µ‡∏ß‡∏¥‡∏ï‡∏ï‡∏±‡πâ‡∏á‡πÅ‡∏ï‡πà 10 ‡πÇ‡∏°‡∏á‡πÄ‡∏ä‡πâ‡∏≤ ‡∏ß‡∏±‡∏ô‡∏ô‡∏µ‡πâ‡∏ó‡∏î‡∏™‡∏≠‡∏ö‡∏î‡πâ‡∏ß‡∏¢‡∏Å‡∏≤‡∏£‡πÄ‡∏î‡∏¥‡∏ô 11 000‡∏Å‡πâ‡∏≤‡∏ß+ ‡πÑ‡∏õ‡∏ï‡∏≤‡∏Å‡πÅ‡∏î‡∏î https://t.co/QjiFfNmjPF","1749437105082601700","https://pbs.twimg.com/media/GEc_xO7WMAAPWaW.jpg","","th","forwork add line 0713x","10","4","263","https://x.com/hbker07/status/1749437105082601700","279425885","hbker07"
"1790967298360221932","Thu May 16 04:47:33 +0000 2024","995","-‡∏°‡∏≤‡∏™‡∏Å‡πå‡πÄ‡∏£‡∏∑‡πà‡∏≠‡∏¢‡πÜ‡∏Ñ‡∏∑‡∏≠‡∏™‡∏¥‡∏ß‡∏´‡∏≤‡∏¢‡∏Å‡∏£‡∏¥‡∏ö -‡πÄ‡∏¢‡πá‡∏ô‡∏™‡∏ö‡∏≤‡∏¢‡∏´‡∏ô‡πâ‡∏≤‡∏°‡∏≤‡∏Å‡∏Å‡∏Å‡∏Å -‡∏£‡∏≠‡∏¢‡πÅ‡∏î‡∏á‡∏ó‡∏µ‡πà‡πÑ‡∏õ‡∏Å‡∏î‡∏™‡∏¥‡∏ß‡∏°‡∏≤‡∏à‡∏≤‡∏á‡πÑ‡∏ß -‡∏°‡∏µ mugwort ‡∏õ‡∏•‡∏≠‡∏ö‡∏ú‡∏¥‡∏ß ‡∏≠‡πà‡∏≠‡∏ô‡πÇ‡∏¢‡∏ô skintific ‡∏°‡∏≤‡∏™‡∏Å‡πå‡πÇ‡∏Ñ‡∏•‡∏ô‡πÇ‡∏Ñ‡∏ï‡∏£‡∏î‡∏µ‡∏≠‡∏¢‡πà‡∏≤‡πÄ‡∏•‡∏¥‡∏Å‡∏ú‡∏•‡∏¥‡∏ï‡∏à‡∏£‡∏¥‡∏á ‡∏•‡∏î‡∏™‡∏¥‡∏ß ‡∏•‡∏î‡∏£‡∏≠‡∏¢‡∏î‡∏µ‡∏°‡∏≤‡∏Å‡∏Å‡∏Å‡∏Å ‡∏ï‡∏≠‡∏ô‡∏°‡∏≤‡∏™‡∏Å‡πå‡πÄ‡∏´‡∏°‡∏∑‡∏≠‡∏ô‡πÑ‡∏î‡πâ‡∏Æ‡∏µ‡∏•‡∏ú‡∏¥‡∏ß ‡πÄ‡∏¢‡πá‡∏ô‡∏™‡∏ö‡∏≤‡∏¢‡∏´‡∏ô‡πâ‡∏≤‡∏°‡∏≤‡∏Å‡∏Å‡∏Å‡πÉ‡∏ä‡πâ‡πÑ‡∏î‡πâ‡πÄ‡∏õ‡πá‡∏ô‡πÄ‡∏î‡∏∑‡∏≠‡∏ô‡πÜ https://t.co/fFdRyxDy3b","1790967298360221932","https://pbs.twimg.com/media/GNrLQm0bIAAZbz5.jpg","","th","dm ‚Äî for work 24/7","3","1","609","https://x.com/untitled_90/status/1790967298360221932","1359172393655099397","untitled_90"
"1779682862536794483","Mon Apr 15 01:27:13 +0000 2024","310","Akak tak overclaim ye. Tp mmg perbezaan ketara dapat dirasa dengan skintific so far. Toada lg muka kering. Tiada lagi jerawat pasir kt dahi bertaburan and just pakai 3 benda ni ja. Thats the hack rupanya. Muka awam akak tak boleh pakai jenama mahai and sampai 18 step bagai.","1779682862536794483","","","in","Sungai Dua, Pulau Pinang ","7","7","87","https://x.com/XXXbyefelicia/status/1779682862536794483","2400783624","XXXbyefelicia"
"1748931480209022985","Sun Jan 21 04:52:13 +0000 2024","1781","skintific ‡∏Ñ‡∏∑‡∏≠‡∏Ñ‡∏ô‡∏ó‡∏±‡∏Å‡∏ú‡∏¥‡∏ß‡πÄ‡∏¢‡∏≠‡∏∞‡∏à‡∏£‡∏¥‡∏á‡πÅ‡∏ö‡∏ö‡πÉ‡∏ä‡πâ‡∏≠‡∏∞‡πÑ‡∏£‡∏ó‡∏≥‡πÑ‡∏°‡∏ú‡∏¥‡∏ß‡∏™‡∏ß‡∏¢ ‡∏´‡∏ô‡πâ‡∏≤‡πÄ‡∏ô‡∏µ‡∏¢‡∏ô ‡∏õ‡πâ‡∏≤‡∏¢‡πÉ‡∏Ñ‡∏£‡πÑ‡∏õ‡∏Å‡πá‡∏ã‡∏∑‡πâ‡∏≠‡∏ï‡∏≤‡∏°‡∏´‡∏°‡∏î ‡∏ä‡∏≠‡∏ö‡∏ü‡∏¥‡∏ô‡∏¥‡∏ä‡∏°‡∏≤‡∏Å‡∏Å‡∏Å ‡∏ú‡∏¥‡∏ß‡∏â‡πà‡∏≥‡∏™‡∏ß‡∏¢‡πÅ‡∏ö‡∏ö‡∏¢‡∏¥‡πà‡∏á‡∏ú‡πà‡∏≤‡∏ô‡∏ß‡∏±‡∏ô‡πÑ‡∏õ‡∏ú‡∏¥‡∏ß‡∏¢‡∏¥‡πà‡∏á‡∏™‡∏ß‡∏¢ ‡∏Ñ‡∏∏‡∏ä‡∏ä‡∏±‡πà‡∏ô‡∏¢‡∏¥‡πà‡∏á‡∏î‡∏π‡∏Å‡∏•‡∏∑‡∏ô‡πÄ‡∏õ‡πá‡∏ô‡πÄ‡∏ô‡∏∑‡πâ‡∏≠‡∏ú‡∏¥‡∏ß‡∏Ç‡∏∂‡πâ‡∏ô ‡∏Ñ‡∏∑‡∏≠‡∏ï‡πâ‡∏≠‡∏á‡∏•‡∏≠‡∏á‡∏≠‡πà‡∏∞‡∏à‡∏£‡∏¥‡∏á‡πÜ ‡πÉ‡∏ä‡πâ‡∏Ñ‡∏∏‡∏ä‡∏ä‡∏±‡πà‡∏ô 2000 ‡∏Å‡∏ß‡πà‡∏≤‡∏ö‡∏≤‡∏ó‡∏¢‡∏±‡∏á‡πÑ‡∏°‡πà‡∏°‡∏µ‡∏Ñ‡∏ô‡∏ó‡∏±‡∏Å‡∏Ç‡∏ô‡∏≤‡∏î‡∏ô‡∏µ‡πâ skitific 300 ‡∏Å‡∏ß‡πà‡∏≤‡∏ö‡∏≤‡∏ó‡∏Ñ‡∏∑‡∏≠‡∏ú‡∏¥‡∏ß‡∏™‡∏ß‡∏¢‡πÄ‡∏Å‡∏¥‡∏ô‡∏£‡∏≤‡∏Ñ‡∏≤‡∏≠‡πà‡∏∞ https://t.co/3KFq1uYSZn","1748931480209022985","https://pbs.twimg.com/media/GEVz5UxaAAA65FP.jpg","","th","","33","13","1490","https://x.com/jjdoesitwork/status/1748931480209022985","271467677","jjdoesitwork"
"1753060189601935498","Thu Feb 01 14:18:19 +0000 2024","719","skintific ‡∏Ñ‡∏∑‡∏≠‡∏Ñ‡∏ô‡∏ó‡∏±‡∏Å‡∏ú‡∏¥‡∏ß‡πÄ‡∏¢‡∏≠‡∏∞‡∏à‡∏£‡∏¥‡∏á‡πÅ‡∏ö‡∏ö‡πÉ‡∏ä‡πâ‡∏≠‡∏∞‡πÑ‡∏£‡∏ó‡∏≥‡πÑ‡∏°‡∏ú‡∏¥‡∏ß‡∏™‡∏ß‡∏¢ ‡∏´‡∏ô‡πâ‡∏≤‡πÄ‡∏ô‡∏µ‡∏¢‡∏ô ‡∏õ‡πâ‡∏≤‡∏¢‡πÉ‡∏Ñ‡∏£‡πÑ‡∏õ‡∏Å‡πá‡∏ã‡∏∑‡πâ‡∏≠‡∏ï‡∏≤‡∏°‡∏´‡∏°‡∏î ‡∏ä‡∏≠‡∏ö‡∏ü‡∏¥‡∏ô‡∏¥‡∏ä‡∏°‡∏≤‡∏Å‡∏Å‡∏Å ‡∏ú‡∏¥‡∏ß‡∏â‡πà‡∏≥‡∏™‡∏ß‡∏¢‡πÅ‡∏ö‡∏ö‡∏¢‡∏¥‡πà‡∏á‡∏ú‡πà‡∏≤‡∏ô‡∏ß‡∏±‡∏ô‡πÑ‡∏õ‡∏ú‡∏¥‡∏ß‡∏¢‡∏¥‡πà‡∏á‡∏™‡∏ß‡∏¢ ‡∏Ñ‡∏∏‡∏ä‡∏ä‡∏±‡πà‡∏ô‡∏¢‡∏¥‡πà‡∏á‡∏î‡∏π‡∏Å‡∏•‡∏∑‡∏ô‡πÄ‡∏õ‡πá‡∏ô‡πÄ‡∏ô‡∏∑‡πâ‡∏≠‡∏ú‡∏¥‡∏ß‡∏Ç‡∏∂‡πâ‡∏ô ‡∏Ñ‡∏∑‡∏≠‡∏ï‡πâ‡∏≠‡∏á‡∏•‡∏≠‡∏á‡∏≠‡πà‡∏∞‡∏à‡∏£‡∏¥‡∏á‡πÜ ‡πÉ‡∏ä‡πâ‡∏Ñ‡∏∏‡∏ä‡∏ä‡∏±‡πà‡∏ô 2000 ‡∏Å‡∏ß‡πà‡∏≤‡∏ö‡∏≤‡∏ó‡∏¢‡∏±‡∏á‡πÑ‡∏°‡πà‡∏°‡∏µ‡∏Ñ‡∏ô‡∏ó‡∏±‡∏Å‡∏Ç‡∏ô‡∏≤‡∏î‡∏ô‡∏µ‡πâ skitific 300 ‡∏Å‡∏ß‡πà‡∏≤‡∏ö‡∏≤‡∏ó‡∏Ñ‡∏∑‡∏≠‡∏ú‡∏¥‡∏ß‡∏™‡∏ß‡∏¢‡πÄ‡∏Å‡∏¥‡∏ô‡∏£‡∏≤‡∏Ñ‡∏≤‡∏≠‡πà‡∏∞ https://t.co/hUkdSRvvt7","1753060213886976045","https://pbs.twimg.com/media/GFQe-F3a4AAOmP5.jpg","jjdoesitwork","th","","17","2","382","https://x.com/jjdoesitwork/status/1753060213886976045","271467677","jjdoesitwork"
"1787844873132863842","Tue May 07 14:00:08 +0000 2024","521","Dua dua lurve sebenarnya! Tapi since i dah try both cushion and serum foundation skintific ni meh nak kasi honest review sikit: https://t.co/1YgH9c9YXq","1787844873132863842","https://pbs.twimg.com/media/GM-zbaOXIAAWiEJ.jpg","","in","","6","4","225","https://x.com/Nurintashaa/status/1787844873132863842","936969084","Nurintashaa"
"1851156601530695829","Tue Oct 29 06:58:21 +0000 2024","3","‡∏ä‡∏≠‡∏ö‡∏Ñ‡∏π‡πà‡∏ô‡∏µ‡πâ‡∏Ç‡∏≠‡∏á Skintific ‡∏°‡∏≤‡∏Å‡∏Å‡∏Å‡∏Å‡∏Å‡∏Å ‡πÉ‡∏ä‡πâ‡πÅ‡∏•‡πâ‡∏ß‡∏ú‡∏¥‡∏ß‡∏î‡∏µ‡∏™‡∏∏‡∏î‡πÜ ‡∏ï‡∏±‡∏ß‡πÄ‡∏£‡∏ï‡∏¥‡∏ô‡∏≠‡∏•‡∏Ñ‡∏∑‡∏≠‡∏≠‡πà‡∏≠‡∏ô‡πÇ‡∏¢‡∏ô‡∏°‡∏≤‡∏Å‡∏ô‡∏∞‡∏ó‡∏∏‡∏Å‡∏Ñ‡∏ô ‡πÅ‡∏ï‡πà‡∏ñ‡πâ‡∏≤‡πÉ‡∏Ñ‡∏£‡∏Å‡∏•‡∏±‡∏ß‡πÅ‡∏û‡πâ‡πÅ‡∏ô‡∏∞‡∏ô‡∏≥‡πÉ‡∏´‡πâ‡πÉ‡∏ä‡πâ‡∏Ñ‡∏π‡πà‡∏°‡∏≠‡∏¢‡∏™‡πå‡∏ï‡∏±‡∏ß‡∏ô‡∏µ‡πâ‡∏î‡∏π ‡∏ö‡∏≠‡∏Å‡πÄ‡∏•‡∏¢ 10‡πÄ‡∏ï‡πá‡∏°10 ‡πÉ‡∏ä‡πâ‡πÅ‡∏•‡πâ‡∏ß‡∏ú‡∏¥‡∏ß‡∏â‡πà‡∏≥ ‡∏ú‡∏¥‡∏ß‡∏ä‡∏∏‡πà‡∏°‡∏ä‡∏∑‡πâ‡∏ô ‡∏ú‡∏¥‡∏ß‡∏ü‡∏π‡∏°‡∏≤‡∏Å‡∏Å‡∏Å‡∏Å‡∏Å ‡πÑ‡∏õ‡∏ï‡∏≥‡∏≥‡∏≥‡∏≥‡∏≥ #‡πÉ‡∏ä‡πâ‡∏î‡∏µ‡∏ö‡∏≠‡∏Å‡∏ï‡πà‡∏≠ https://t.co/STmF967kSZ","1851156601530695829","https://pbs.twimg.com/media/GbChHgUbQAEEiHJ.jpg","","th","","0","1","4","https://x.com/Naammm07/status/1851156601530695829","1444887614708858884","Naammm07"
"1745299120322162906","Thu Jan 11 04:18:31 +0000 2024","1204","‡∏™‡πà‡∏ß‡∏ô‡∏ï‡∏±‡∏ß‡πÉ‡∏ä‡πâ skintific ‡∏≠‡∏¢‡∏π‡πà ‡∏Ñ‡πà‡∏≠‡∏ô‡∏Ç‡πâ‡∏≤‡∏á‡∏õ‡∏Å‡∏õ‡∏¥‡∏î‡∏ï‡∏∂‡πâ‡∏ö‡∏°‡∏≤‡∏Å‡πÜ ‡πÄ‡∏ô‡∏∑‡πâ‡∏≠‡∏´‡∏ô‡∏≤ ‡πÉ‡∏Ñ‡∏£‡∏ä‡∏≠‡∏ö‡∏´‡∏ô‡∏≤‡πÜ‡πÑ‡∏õ‡∏à‡∏±‡∏î‡πÑ‡∏î‡πâ‡πÄ‡∏•‡∏¢ ‡πÅ‡∏ï‡πà‡∏ñ‡πâ‡∏≤‡∏≠‡∏¢‡∏≤‡∏Å‡πÑ‡∏î‡πâ‡∏ú‡∏¥‡∏ß‡∏™‡∏ß‡∏¢‡∏ó‡∏µ‡πà‡πÑ‡∏°‡πà‡πÅ‡∏°‡∏ï‡∏ï‡πå‡πÑ‡∏°‡πà‡∏â‡πà‡∏≥‡πÄ‡∏Å‡∏¥‡∏ô espoir ‡πÅ‡∏î‡∏á‡∏ï‡∏≠‡∏ö‡πÇ‡∏à‡∏ó‡∏¢‡πå‡∏°‡∏≤‡∏Å‡∏Å‡∏Å Espoir ‡∏õ‡∏Å‡∏õ‡∏¥‡∏î‡∏î‡∏µ‡∏°‡∏≤‡∏Å‡∏Å‡∏Å ‡πÄ‡∏™‡∏Å‡∏ú‡∏¥‡∏ß‡πÉ‡∏´‡∏°‡πà‡πÄ‡∏ß‡πà‡∏≠‡∏≠‡πà‡∏∞ ‡πÅ‡∏°‡∏ï‡∏ï‡πå‡πÅ‡∏ï‡πà‡πÉ‡∏´‡πâ‡∏ú‡∏¥‡∏ß‡∏ó‡∏µ‡πà‡∏™‡∏ß‡∏¢ ‡πÑ‡∏°‡πà‡πÅ‡∏°‡∏ï‡∏ï‡πå‡πÅ‡∏ö‡∏ö‡∏ú‡∏¥‡∏ß‡πÅ‡∏ö‡∏ô ‡∏¢‡∏±‡∏á‡∏î‡∏π‡∏°‡∏µ‡∏≠‡∏∞‡πÑ‡∏£‡πÉ‡∏ô‡∏ú‡∏¥‡∏ß ‡∏¢‡∏¥‡πà‡∏á‡πÉ‡∏ä‡πâ‡πÅ‡∏õ‡∏£‡∏á‡∏•‡∏á‡πÅ‡∏ó‡∏ô‡∏û‡∏±‡∏ü‡∏Ñ‡∏∑‡∏≠‡∏õ‡∏Å‡∏õ‡∏¥‡∏î‡∏î‡∏µ‡∏Å‡∏ß‡πà‡∏≤‡πÄ‡∏î‡∏¥‡∏°‡∏ô‡∏∞ https://t.co/bK2xYnsonP","1745299120322162906","https://pbs.twimg.com/media/GDiMSpHaYAAdqNX.jpg","","th","‡∏ï‡∏¥‡∏î‡∏ï‡πà‡∏≠‡∏á‡∏≤‡∏ô : DM üôáüèº‚Äç‚ôÄÔ∏èüíì","12","4","869","https://x.com/reviewchoey/status/1745299120322162906","514076912","reviewchoey"
"1777252288949842419","Mon Apr 08 08:29:00 +0000 2024","659","3 product skintific yg worth nk try tanpa perlu risau duit membazir sebb function betoll ; 1) skintific cushion will be the best purchase ever 2) moisturizer YANG BIRU tlglah beli sejuk xmelekit &amp; buat kerja dia 3) surprisingly claystick dia. Tak keras ya muka akuu x keringg!","1777252288949842419","","","in","","5","6","421","https://x.com/wanieysa/status/1777252288949842419","1400435873313816583","wanieysa"
"1851531982104379774","Wed Oct 30 07:49:58 +0000 2024","0","‡∏°‡∏≠‡∏¢‡∏™‡πå‡∏ó‡∏µ‡πà‡∏´‡∏¢‡∏¥‡∏ö‡πÉ‡∏ä‡πâ‡∏ö‡πà‡∏≠‡∏¢‡πÉ‡∏ô‡πÄ‡∏î‡∏∑‡∏≠‡∏ô‡∏ô‡∏µ‡πâ‡∏Ç‡∏≠‡∏¢‡∏Å‡πÉ‡∏´‡πâ skintific ‡∏Å‡∏±‡∏ö ingu ‡πÄ‡∏•‡∏¢‡∏¢ ‡πÉ‡∏´‡πâ‡∏Ñ‡∏ß‡∏≤‡∏°‡∏ä‡∏∏‡πà‡∏°‡∏ä‡∏∑‡πâ‡∏ô‡πÑ‡∏î‡πâ‡∏î‡∏µ‡∏û‡∏≠‡πÜ‡∏Å‡∏±‡∏ô ‡∏£‡∏≤‡∏Ñ‡∏≤‡∏î‡∏µ ‡∏à‡∏±‡∏ö‡∏ï‡πâ‡∏≠‡∏á‡πÑ‡∏î‡πâ Skintific ‡∏ä‡∏∏‡πà‡∏°‡∏ä‡∏∑‡πâ‡∏ô‡∏°‡∏≤‡∏Å ‡∏™‡πà‡∏ß‡∏ô‡∏ú‡∏™‡∏°‡∏î‡∏µ‡∏™‡∏∏‡∏î‡πÜ ‡πÄ‡∏™‡∏£‡∏¥‡∏°‡∏ú‡∏¥‡∏ß‡πÅ‡∏Ç‡πá‡∏á‡πÅ‡∏£‡∏á ‡∏ú‡∏¥‡∏ß‡πÅ‡∏û‡πâ‡∏á‡πà‡∏≤‡∏¢‡πÉ‡∏ä‡πâ‡πÑ‡∏î‡πâ‡πÑ‡∏°‡πà‡∏£‡∏∞‡∏Ñ‡∏≤‡∏¢‡πÄ‡∏Ñ‡∏∑‡∏≠‡∏á ‡πÇ‡∏ö‡∏Å‡πÑ‡∏ß‡πâ‡∏Å‡πà‡∏≠‡∏ô‡∏ô‡∏≠‡∏ô ‡∏ï‡∏∑‡πà‡∏ô‡∏°‡∏≤‡∏´‡∏ô‡πâ‡∏≤‡∏ô‡∏∏‡πà‡∏°‡∏°‡∏≤‡∏Å 10/10 Ingu ‡πÉ‡∏ä‡πâ‡∏Å‡πà‡∏≠‡∏ô‡πÅ‡∏ï‡πà‡∏á‡∏´‡∏ô‡πâ‡∏≤‡∏≠‡∏±‡∏ô‡∏ô‡∏µ‡πâ‡πÄ‡∏ô‡∏∑‡πâ‡∏≠‡∏ö‡∏≤‡∏á‡πÄ‡∏ö‡∏≤‡∏°‡∏≤‡∏Å https://t.co/3TTzjM5Tkt","1851531982104379774","https://pbs.twimg.com/media/GbH2hWTbcAAvylk.jpg","","th","üì©dm for work ","0","2","10","https://x.com/suntoapril/status/1851531982104379774","998135223874277376","suntoapril"
"1764823304979046791","Tue Mar 05 01:20:39 +0000 2024","1024","‡πÄ‡∏≠‡∏≤‡∏à‡∏≤‡∏Å‡∏ó‡∏µ‡πà‡∏´‡∏¢‡∏¥‡∏ö‡πÉ‡∏ä‡πâ‡∏ö‡πà‡∏≠‡∏¢‡πÅ‡∏ö‡∏ö‡∏Å‡∏±‡∏ô‡∏ï‡∏≤‡∏¢ ‡∏ú‡∏¥‡∏ß‡∏™‡∏ß‡∏¢‡∏™‡∏π‡πâ‡∏ó‡∏±‡πâ‡∏á‡∏ß‡∏±‡∏ô‡πÅ‡∏ö‡∏ö‡πÑ‡∏°‡πà‡∏´‡∏¢‡∏∑‡∏≠ espoir ‡∏ï‡∏•‡∏±‡∏ö‡πÅ‡∏î‡∏á‡∏õ‡∏Å‡∏õ‡∏¥‡∏î‡∏î‡∏µ‡∏°‡∏≤‡∏Å‡∏Å‡∏Å ‡πÄ‡∏™‡∏Å‡∏ú‡∏¥‡∏ß‡πÉ‡∏´‡∏°‡πà‡πÄ‡∏ß‡πà‡∏≠‡∏≠‡πà‡∏∞ ‡πÅ‡∏°‡∏ï‡∏ï‡πå‡πÅ‡∏ï‡πà‡πÉ‡∏´‡πâ‡∏ú‡∏¥‡∏ß‡∏ó‡∏µ‡πà‡∏™‡∏ß‡∏¢ ‡πÑ‡∏°‡πà‡πÅ‡∏°‡∏ï‡∏ï‡πå‡πÅ‡∏ö‡∏ö‡∏ú‡∏¥‡∏ß‡πÅ‡∏ö‡∏ô ‡∏¢‡∏±‡∏á‡∏î‡∏π‡∏°‡∏µ‡∏≠‡∏∞‡πÑ‡∏£‡πÉ‡∏ô‡∏ú‡∏¥‡∏ß ‡∏î‡∏µ‡∏°‡∏≤‡∏Å‡∏Å ‡∏£‡∏∞‡∏´‡∏ß‡πà‡∏≤‡∏á‡∏ß‡∏±‡∏ô‡πÑ‡∏°‡πà‡πÑ‡∏´‡∏• ‡πÑ‡∏°‡πà‡∏î‡∏£‡∏≠‡∏õ ‡∏¢‡πâ‡∏≥! ‡πÑ‡∏°‡πà‡∏î‡∏£‡∏≠‡∏õ‡∏õ‡∏õ ‡∏ó‡∏ô‡∏°‡∏≤‡∏Å ‡∏¢‡∏¥‡πà‡∏á‡∏ô‡∏≤‡∏ô‡∏ú‡∏¥‡∏ß‡∏¢‡∏¥‡πà‡∏á‡πÄ‡∏ô‡∏µ‡∏¢‡∏ô ‡∏™‡∏ß‡∏¢‡∏≠‡πà‡∏∞ ‡∏£‡∏±‡∏Å‡∏™‡∏∏‡∏î‡πÅ‡∏•‡πâ‡∏ß‡∏ï‡∏±‡∏ß‡∏ô‡∏µ‡πâ supermom https://t.co/sIXAKcmYbs","1764823304979046791","https://pbs.twimg.com/media/GH3pZ4SagAAHkIw.jpg","","th","‡∏ï‡∏¥‡∏î‡∏ï‡πà‡∏≠‡∏á‡∏≤‡∏ô : DM üôáüèº‚Äç‚ôÄÔ∏èüíì","5","3","675","https://x.com/reviewchoey/status/1764823304979046791","514076912","reviewchoey"
"1852000342877335569","Thu Oct 31 14:51:04 +0000 2024","0","Udah mau akhir 2024 dan ternyata aku masih setia sama moisturizernya skintific Sempet coba varian yang warna pink tapi ga cocok.. kulit makin kering dan malah bruntusan jadi balik lagi ke yang ini https://t.co/zRqjFvsMql","1852000342877335569","https://pbs.twimg.com/media/GbOgfiKbIAArrGj.jpg","","in","","1","1","0","https://x.com/allbymoons/status/1852000342877335569","812872808472584194","allbymoons"
"1851994492876054822","Thu Oct 31 14:27:50 +0000 2024","1","‡πÅ‡∏•‡∏∞‡∏ñ‡πâ‡∏≤‡πÉ‡∏Ñ‡∏£‡∏Å‡∏≥‡∏•‡∏±‡∏á‡∏°‡∏≠‡∏á‡∏´‡∏≤ moisturizer ‡πÅ‡∏•‡∏∞‡πÄ‡∏ã‡∏£‡∏±‡πà‡∏°‡∏ó‡∏µ‡πà‡∏à‡∏£‡∏¥‡∏á‡πÉ‡∏à skintific ‡∏ô‡∏µ‡πà‡πÅ‡∏´‡∏•‡∏∞ ‡πÉ‡∏ä‡πâ‡∏´‡∏°‡∏î‡πÉ‡∏ä‡πâ‡∏ã‡πâ‡∏≥ ‡πÉ‡∏ä‡πâ‡∏≠‡∏µ‡∏Å‡πÉ‡∏ä‡πâ‡∏ï‡πà‡∏≠‡πÄ‡∏û‡∏£‡∏≤‡∏∞‡∏£‡∏≤‡∏Ñ‡∏≤‡∏ô‡πà‡∏≤‡∏£‡∏±‡∏Å‡πÅ‡∏•‡∏∞‡πÉ‡∏à‡∏î‡∏µ‡∏Å‡∏±‡∏ö‡∏ú‡∏¥‡∏ß‡∏°‡∏≤‡∏Å‡∏Å‡∏Å ‡∏™‡∏•‡∏±‡∏ö‡πÉ‡∏ä‡πâ‡∏™‡∏≠‡∏á‡∏™‡∏µ‡πÄ‡∏•‡∏¢ ‡∏™‡∏µ‡∏ü‡πâ‡∏≤‡∏´‡∏ô‡πâ‡∏≤‡πÄ‡∏ô‡∏µ‡∏¢‡∏ô‡∏ä‡∏∏‡πà‡∏°‡∏ä‡∏∑‡πâ‡∏° ‡∏™‡∏µ‡∏ä‡∏°‡∏û‡∏π‡∏Ç‡∏≤‡∏ß‡πÉ‡∏™ ‡πÉ‡∏ä‡πâ‡∏Ñ‡∏π‡πà‡∏Å‡∏±‡∏ö‡πÄ‡∏ã‡∏£‡∏±‡πà‡∏°377 ‡∏Ñ‡∏∑‡∏≠‡∏Ñ‡∏π‡∏ì‡∏™‡∏≠‡∏á‡∏´‡∏ô‡πâ‡∏≤‡πÑ‡∏ö‡∏£‡πå‡∏ó ‡πÉ‡∏ä‡πâ‡πÄ‡∏≠‡∏á‡πÉ‡∏ä‡πâ‡∏à‡∏£‡∏¥‡∏á‡πÑ‡∏°‡πà‡πÇ‡∏Å‡∏´‡∏Å ‡πÉ‡∏Ñ‡∏£‡∏¢‡∏±‡∏á‡πÑ‡∏°‡πà‡πÄ‡∏õ‡∏¥‡∏î‡πÉ‡∏à‡∏Ñ‡∏∑‡∏≠‡πÄ‡∏õ‡∏¥‡∏î‡πÄ‡∏ñ‡∏≠‡∏∞ ‡∏£‡∏≤‡∏Ñ‡∏≤‡∏ô‡πà‡∏≤‡∏£‡∏±‡∏Å‡∏à‡∏∞‡∏ö‡πâ‡∏≤ https://t.co/MMcqwVNYMe","1851994492876054822","https://pbs.twimg.com/media/GbObLBhakAA08Uh.jpg","","th","DM for work","0","0","1","https://x.com/sayphing__/status/1851994492876054822","907191576891334657","sayphing__"
"1851487746596225525","Wed Oct 30 04:54:12 +0000 2024","0","Skintific msh niacinamide brightening moisturizer gel https://t.co/jxmJBpIrid https://t.co/QPgYM2pSxL","1851487746596225525","https://pbs.twimg.com/media/GbHOSUrbMAADa4t.jpg","","en","Bali Island Indonesia ","0","0","0","https://x.com/LadiesChannel21/status/1851487746596225525","1437407986763264007","LadiesChannel21"
"1851864417216139476","Thu Oct 31 05:50:57 +0000 2024","25","‡πÉ‡∏Ñ‡∏£‡∏¢‡∏±‡∏á‡∏•‡∏±‡∏á‡πÄ‡∏•‡πÑ‡∏°‡πà‡∏£‡∏π‡πâ‡∏à‡∏∞‡πÉ‡∏ä‡πâ ‡∏°‡∏≠‡∏¢‡πÄ‡∏à‡∏≠‡∏£‡πå Skintific ‡∏™‡∏π‡∏ï‡∏£‡πÑ‡∏´‡∏ô‡∏î‡∏µ ‡πÇ‡∏û‡∏™‡∏ï‡πå‡∏ô‡∏µ‡πâ‡∏™‡∏£‡∏∏‡∏õ‡∏°‡∏≤‡πÉ‡∏´‡πâ‡πÅ‡∏•‡πâ‡∏ß‡∏ß‡∏ß 5X Ceramide Moisture Gel ‡∏ä‡πà‡∏ß‡∏¢‡πÄ‡∏™‡∏£‡∏¥‡∏°‡πÄ‡∏Å‡∏£‡∏≤‡∏∞‡∏õ‡∏Å‡∏õ‡πâ‡∏≠‡∏á‡∏ú‡∏¥‡∏ß‡πÅ‡∏Ç‡πá‡∏á‡πÅ‡∏£‡∏á ‡πÄ‡∏ô‡∏∑‡πâ‡∏≠‡πÄ‡∏à‡∏•‡∏ö‡∏≤‡∏á‡πÄ‡∏ö‡∏≤ ‡∏ã‡∏∂‡∏°‡πÑ‡∏ß ‡∏™‡∏ö‡∏≤‡∏¢‡∏ú‡∏¥‡∏ß ‡∏ú‡∏¥‡∏ß‡∏ô‡∏∏‡πà‡∏°‡∏ä‡∏∏‡πà‡∏°‡∏ä‡∏∑‡πâ‡∏ô ‡∏ú‡∏¥‡∏ß‡∏≠‡∏¥‡πà‡∏°‡∏ü‡∏π ‡∏õ‡∏•‡∏≠‡∏ö‡∏õ‡∏£‡∏∞‡πÇ‡∏•‡∏°‡∏ú‡∏¥‡∏ß ‡∏£‡∏≠‡∏¢‡πÅ‡∏î‡∏á ‡∏™‡∏¥‡∏ß‡∏≠‡∏±‡∏Å‡πÄ‡∏™‡∏ö‡πÑ‡∏î‡πâ‡∏î‡∏µ ‡πÄ‡∏´‡∏°‡∏≤‡∏∞‡∏Å‡∏±‡∏ö‡∏ú‡∏¥‡∏ß‡∏ö‡∏≠‡∏ö‡∏ö‡∏≤‡∏á ‡πÅ‡∏û‡πâ‡∏á‡πà‡∏≤‡∏¢ ‡πÅ‡∏•‡∏∞‡∏ú‡∏¥‡∏ß‡πÅ‡∏´‡πâ‡∏á‡∏Ç‡∏≤‡∏î‡∏ô‡πâ‡∏≥ MSH https://t.co/LxZHG7ckZY","1851864417216139476","https://pbs.twimg.com/media/GbMk3SNakAALclR.jpg","","th","","0","5","93","https://x.com/bhatranits/status/1851864417216139476","1213713587601981440","bhatranits"
"1782406541607608773","Mon Apr 22 13:50:09 +0000 2024","3515","Bina dah try dua dua Skintific punya Liquid foundation dengan cushion foundation. this is my honest review for this two! save this thread! senang korang nak rujuk which one yang korang nak https://t.co/xwCzcz5H0m","1782406541607608773","https://pbs.twimg.com/media/GLxhTFHbIAA0bpH.jpg","","en","","81","21","698","https://x.com/ketengahketepi/status/1782406541607608773","893140928327589888","ketengahketepi"
"1851834586898272610","Thu Oct 31 03:55:18 +0000 2024","2","skintific 5x ceramide barrier moisture gel : ‡∏ï‡∏±‡∏ß‡∏ô‡∏µ‡πâ‡∏Ñ‡∏∑‡∏≠‡πÄ‡∏ô‡∏∑‡πâ‡∏≠‡πÄ‡∏ö‡∏≤ ‡πÉ‡∏´‡πâ‡∏Ñ‡∏ß‡∏≤‡∏°‡∏ä‡∏∏‡πà‡∏°‡∏ä‡∏∑‡πâ‡∏ô‡πÑ‡∏î‡πâ‡∏î‡∏µ‡∏°‡∏≤‡∏Å‡πÜ ‡πÄ‡∏™‡∏£‡∏¥‡∏°‡∏ú‡∏¥‡∏ß‡πÅ‡∏Ç‡πá‡∏á‡πÅ‡∏£‡∏á‡πÑ‡∏î‡πâ‡∏î‡∏µ ‡πÄ‡∏û‡∏£‡∏≤‡∏∞‡∏°‡∏µ ceramide 5 ‡∏ä‡∏ô‡∏¥‡∏î + ‡∏Ñ‡∏≠‡∏•‡∏•‡∏≤‡πÄ‡∏à‡∏ô‡∏î‡πâ‡∏ß‡∏¢ ‡πÅ‡∏•‡πâ‡∏ß‡∏Å‡πá‡∏¢‡∏±‡∏á‡∏ä‡πà‡∏ß‡∏¢‡πÄ‡∏£‡∏∑‡πà‡∏≠‡∏á‡∏õ‡∏•‡∏≠‡∏ö‡∏õ‡∏£‡∏∞‡πÇ‡∏•‡∏°‡∏ú‡∏¥‡∏ß ‡πÅ‡∏•‡∏∞‡∏°‡∏µ antioxidant ‡∏õ‡∏Å‡∏õ‡πâ‡∏≠‡∏á‡∏ú‡∏¥‡∏ß‡∏î‡πâ‡∏ß‡∏¢ https://t.co/RwCmeK66Vm","1851835311892128193","https://pbs.twimg.com/media/GbMKZkFakAMA7Cn.jpg","1nTheAfterglows","th","for work : email or dm ","0","1","0","https://x.com/1nTheAfterglows/status/1851835311892128193","1383732826705518598","1nTheAfterglows"
"751341189731758080","Fri Jul 08 09:04:33 +0000 2016","80","Skincare review: This is actually ‚≠êÔ∏è for oily skin! Moisturizes skin nicely. Tq @rozeboomerang for the recomm! https://t.co/itkx9o6H33","751341189731758080","https://pbs.twimg.com/media/Cm1MzR7VIAA6vQs.jpg","","en","Malaysia","5","8","34","https://x.com/skinnyondinie/status/751341189731758080","118757025","skinnyondinie"
"1851978422978785562","Thu Oct 31 13:23:58 +0000 2024","4","SKINCARE GIRLIES ‚ÄçÔ∏è‚ÄçÔ∏è! since it s getting colder outside here s my updated moisturizer and YALL?????? oh this is AMAZING! super moisturized and dewey but not pore-clogging or that weird sticky feel! https://t.co/OkQhM7ZwRA","1851978422978785562","https://pbs.twimg.com/media/GbOMjyiXIAAxe6B.jpg","","en","galavantingüèÉüèæ‚Äç‚ôÄÔ∏è","0","1","2","https://x.com/smallblvckchild/status/1851978422978785562","1003309444321763328","smallblvckchild"
"1540688174770704384","Sat Jun 25 13:27:43 +0000 2022","180","Skintific 5x ceramide skin barrier repair moisturizer Beli https://t.co/DMpxvDzbfq https://t.co/jDZCNVzqTT","1540688190331551745","https://pbs.twimg.com/media/FWGfvbaaQAAPyW9.jpg","moodsXid","en","","8","2","22","https://x.com/moodsXid/status/1540688190331551745","1509795459145281536","moodsXid"
"1735618691281358854","Fri Dec 15 11:11:56 +0000 2023","227","Tak sangka benda yang i try sebab teracun sekali memang menjadi?!! Lama dah tengok orang pakai moisturiser skintific ni. Warna biru tu paling best sebab ada 5x ceramide (dia bagi hydrating and radiant skin) Recommended untuk dry skin!!! https://t.co/izpJr5vFYv","1735618691281358854","https://pbs.twimg.com/media/GBYn_xqaMAEmqAD.jpg","","in","","11","3","129","https://x.com/Nurintashaa/status/1735618691281358854","936969084","Nurintashaa"
"1520376524452790272","Sat Apr 30 12:23:19 +0000 2022","159","kalau yang masih bingung cari moisturizer bisa banget cobain skintific 5x ceramide ini. bakal sering repurchase pasti gak kaget lagi kalau moisturizer ini viral dimana-mana #skintific https://t.co/oO11rTllFA","1520378263356735489","","queerisy","in","stay hydrate‚ô°","2","0","48","https://x.com/queerisy/status/1520378263356735489","4891527996","queerisy"
"1851827668104499514","Thu Oct 31 03:24:56 +0000 2024","0","moisture ‡∏Ç‡∏≠‡∏á skintific ‡∏Ñ‡∏á‡πÄ‡∏õ‡πá‡∏ô‡∏™‡∏Å‡∏¥‡∏ô‡πÅ‡∏Ñ‡∏£‡πå‡∏ó‡∏µ‡πà‡∏à‡∏∞‡∏ã‡∏∑‡πâ‡∏≠‡∏ã‡πâ‡∏≥‡∏ö‡πà‡∏≠‡∏¢‡∏ó‡∏µ‡πà‡∏™‡∏∏‡∏î ‡∏´‡∏°‡∏î‡πÅ‡∏•‡πâ‡∏ß‡∏ï‡πâ‡∏≠‡∏á‡∏ï‡∏∏‡∏ô‡πÄ‡∏ó‡πà‡∏≤‡∏ô‡∏±‡πâ‡∏ô ‡∏ä‡∏≠‡∏ö‡∏°‡∏≤‡∏Å‡∏Å‡∏π‡πâ‡∏ú‡∏¥‡∏ß‡πÅ‡∏´‡πâ‡∏á‡πÑ‡∏î‡πâ‡∏î‡∏µ‡∏™‡∏∏‡∏î‡πÜ https://t.co/BvWsJwUmAB","1851827668104499514","https://pbs.twimg.com/media/GbMDciZbMAAvWCa.jpg","","th","","0","0","1","https://x.com/miiraclemark/status/1851827668104499514","3230213532","miiraclemark"
"1771025723320631570","Fri Mar 22 04:06:51 +0000 2024","1066","‡πÄ‡∏≠‡∏≤‡∏à‡∏≤‡∏Å‡∏ó‡∏µ‡πà‡∏´‡∏¢‡∏¥‡∏ö‡πÉ‡∏ä‡πâ‡∏ö‡πà‡∏≠‡∏¢‡πÅ‡∏ö‡∏ö‡∏Å‡∏±‡∏ô‡∏ï‡∏≤‡∏¢ ‡∏ú‡∏¥‡∏ß‡∏™‡∏ß‡∏¢‡∏™‡∏π‡πâ‡∏ó‡∏±‡πâ‡∏á‡∏ß‡∏±‡∏ô‡πÅ‡∏ö‡∏ö‡πÑ‡∏°‡πà‡∏´‡∏¢‡∏∑‡∏≠ espoir ‡∏ï‡∏•‡∏±‡∏ö‡πÅ‡∏î‡∏á‡∏õ‡∏Å‡∏õ‡∏¥‡∏î‡∏î‡∏µ‡∏°‡∏≤‡∏Å‡∏Å‡∏Å ‡πÄ‡∏™‡∏Å‡∏ú‡∏¥‡∏ß‡πÉ‡∏´‡∏°‡πà‡πÄ‡∏ß‡πà‡∏≠‡∏≠‡πà‡∏∞ ‡πÅ‡∏°‡∏ï‡∏ï‡πå‡πÅ‡∏ï‡πà‡πÉ‡∏´‡πâ‡∏ú‡∏¥‡∏ß‡∏ó‡∏µ‡πà‡∏™‡∏ß‡∏¢ ‡πÑ‡∏°‡πà‡πÅ‡∏°‡∏ï‡∏ï‡πå‡πÅ‡∏ö‡∏ö‡∏ú‡∏¥‡∏ß‡πÅ‡∏ö‡∏ô ‡∏¢‡∏±‡∏á‡∏î‡∏π‡∏°‡∏µ‡∏≠‡∏∞‡πÑ‡∏£‡πÉ‡∏ô‡∏ú‡∏¥‡∏ß ‡∏î‡∏µ‡∏°‡∏≤‡∏Å‡∏Å ‡∏£‡∏∞‡∏´‡∏ß‡πà‡∏≤‡∏á‡∏ß‡∏±‡∏ô‡πÑ‡∏°‡πà‡πÑ‡∏´‡∏• ‡πÑ‡∏°‡πà‡∏î‡∏£‡∏≠‡∏õ ‡∏¢‡πâ‡∏≥! ‡πÑ‡∏°‡πà‡∏î‡∏£‡∏≠‡∏õ‡∏õ‡∏õ ‡∏ó‡∏ô‡∏°‡∏≤‡∏Å ‡∏¢‡∏¥‡πà‡∏á‡∏ô‡∏≤‡∏ô‡∏ú‡∏¥‡∏ß‡∏¢‡∏¥‡πà‡∏á‡πÄ‡∏ô‡∏µ‡∏¢‡∏ô ‡∏™‡∏ß‡∏¢‡∏≠‡πà‡∏∞ ‡∏£‡∏±‡∏Å‡∏™‡∏∏‡∏î‡πÅ‡∏•‡πâ‡∏ß‡∏ï‡∏±‡∏ß‡∏ô‡∏µ‡πâ supermom https://t.co/2xkyqEplyn","1771025723320631570","https://pbs.twimg.com/media/GJPygNabIAA2oMP.jpg","","th","‡∏ï‡∏¥‡∏î‡∏ï‡πà‡∏≠‡∏á‡∏≤‡∏ô : DM üôáüèº‚Äç‚ôÄÔ∏èüíì","17","2","845","https://x.com/reviewchoey/status/1771025723320631570","514076912","reviewchoey"
"1696473865516634406","Tue Aug 29 10:44:30 +0000 2023","248","3. Skintific gentle-A retinol serum Formulated for beginners. Texture dia gel serum specially made with mild formulation. Ada ceramides and 3D peptides to reverse signs of aging without causing irritation. https://t.co/1Lg4gSccJM","1696473895350698422","https://pbs.twimg.com/media/F4sWA_yaAAA9uq9.jpg","Nurintashaa","en","","3","4","23","https://x.com/Nurintashaa/status/1696473895350698422","936969084","Nurintashaa"
"1850875096971596081","Mon Oct 28 12:19:45 +0000 2024","3","‡πÄ‡∏≠‡∏≤‡∏á‡∏µ‡πâ‡∏ô‡∏∞ ‡∏Ñ‡∏∑‡∏≠ skintific ‡∏à‡∏∞‡∏î‡∏µ‡∏ó‡∏±‡πâ‡∏á‡∏™‡∏≠‡∏á‡∏™‡∏π‡∏ï‡∏£‡πÄ‡∏•‡∏¢‡πÑ‡∏°‡πà‡πÑ‡∏î‡πâ ‡∏ö‡∏≤‡∏á‡∏ó‡∏µ‡∏Å‡∏π‡∏Å‡πá‡πÄ‡∏•‡∏∑‡∏≠‡∏Å‡πÉ‡∏ä‡πâ‡πÑ‡∏°‡πà‡∏ñ‡∏π‡∏Å55555555 ‡πÄ‡∏≠‡∏≤‡πÄ‡∏õ‡πá‡∏ô‡∏ß‡πà‡∏≤‡∏ô‡∏µ‡πà‡∏ä‡∏≠‡∏ö‡∏™‡∏µ‡∏ó‡∏≠‡∏á‡∏°‡∏≤‡∏Å‡πÜ ‡∏°‡∏±‡∏ô‡πÅ‡∏ö‡∏ö‡∏õ‡∏Å‡∏õ‡∏¥‡∏î‡∏î‡∏µ ‡∏ú‡∏¥‡∏ß‡∏™‡∏ß‡∏¢‡πÇ‡∏Ñ‡∏ï‡∏£‡πÜ ‡πÉ‡∏ä‡πâ‡∏•‡∏∞‡∏´‡∏ô‡πâ‡∏≤‡∏ú‡πà‡∏≠‡∏á‡∏ó‡∏±‡πâ‡∏á‡∏ß‡∏±‡∏ô ‡πÅ‡∏ï‡πà‡∏û‡∏≠‡∏™‡∏µ‡∏ü‡πâ‡∏≤‡∏≠‡∏≠‡∏Å‡πÉ‡∏´‡∏°‡πà‡∏°‡∏≤ ‡∏Å‡πá‡∏ä‡∏≠‡∏ö‡∏≠‡∏µ‡∏Å ‡∏™‡∏≤‡∏ö‡∏≤‡∏ô‡πÄ‡∏•‡∏¢‡∏ß‡πà‡∏≤‡πÄ‡∏õ‡πá‡∏ô‡∏Ñ‡∏ô‡πÑ‡∏°‡πà‡∏ä‡∏≠‡∏ö‡πÉ‡∏ä‡πâ‡∏Ñ‡∏π‡∏ä‡∏±‡πà‡∏ô‡πÅ‡∏°‡∏ï‡πÄ‡∏•‡∏¢ ‡πÅ‡∏ï‡πà‡∏≠‡∏±‡∏ô‡∏ô‡∏µ‡πâ‡∏ó‡∏≥‡∏ñ‡∏∂‡∏á ‡πÄ‡∏õ‡πá‡∏ô‡πÅ‡∏°‡∏ï‡∏ó‡∏µ‡πà‡πÑ‡∏°‡πà‡πÅ‡∏´‡πâ‡∏á ‡∏ú‡∏¥‡∏ß‡πÑ‡∏°‡πà‡∏î‡∏π‡πÅ‡∏Å‡πà ‡∏ï‡∏¥‡∏î‡∏ó‡∏ô‡∏°‡∏≤‡∏Å‡∏Å‡∏Å‡∏Å‡∏Å‡∏Å https://t.co/gr8bdMqAyu","1850875096971596081","https://pbs.twimg.com/media/Ga-hFmBaUAAfpGW.jpg","","th","forwork add line 0713x","0","1","15","https://x.com/hbker07/status/1850875096971596081","279425885","hbker07"
"1705791233434780003","Sun Sep 24 08:25:33 +0000 2023","303","@BieWaldorf Skintific ni sebenarnya takde la murah pun . Nampak murah tapi 30gm je moist dia tu compared dengan hada labo 50gm &amp; cosrx 100 ml","1705861014942872012","","BieWaldorf","in","","4","2","34","https://x.com/Yumie_yuni/status/1705861014942872012","1373041641590640642","Yumie_yuni"
"1852170134145896761","Fri Nov 01 02:06:19 +0000 2024","2","Of course tak semua ingredients dia sama macam skintific. But dia still helps to minimize pores and smooth skin texture. G2G: https://t.co/9rgDCRMfiD Skintific: https://t.co/Gq88bMIrnf https://t.co/r3B46u4dMU","1852170271991513191","https://pbs.twimg.com/media/GbQ67dmakAA1CwP.jpg","_aiichan","en","","0","0","2","https://x.com/_aiichan/status/1852170271991513191","1428595513612398595","_aiichan"
"1851119771271774585","Tue Oct 29 05:12:19 +0000 2024","1","‡πÉ‡∏Ñ‡∏£‡∏´‡∏≤ Moisturizer ‡πÉ‡∏ä‡πâ‡∏Ñ‡∏π‡πà‡∏Å‡∏±‡∏ô ‡∏Å‡∏î‡πÄ‡∏ã‡πá‡∏ï‡∏ô‡∏µ‡πâ‡∏Ç‡∏≠‡∏á Skintific ‡πÑ‡∏î‡πâ‡πÄ‡∏•‡∏¢ ‡∏ï‡∏±‡∏ß‡∏Ñ‡∏£‡∏µ‡∏°‡∏ä‡πà‡∏ß‡∏¢‡πÄ‡∏ï‡∏¥‡∏°‡∏Ñ.‡∏ä‡∏∏‡πà‡∏°‡∏ä‡∏∑‡πâ‡∏ô‡∏î‡∏µ‡∏°‡∏≤‡∏Å‡πÜ ‡∏ú‡∏¥‡∏ß‡∏ô‡∏∏‡πà‡∏° ‡πÄ‡∏£‡∏µ‡∏¢‡∏ö‡πÄ‡∏ô‡∏µ‡∏¢‡∏ô ‡∏≠‡∏¥‡πà‡∏°‡∏ü‡∏π‡∏Ç‡∏∂‡πâ‡∏ô ‡∏°‡∏µ‡∏™‡πà‡∏ß‡∏ô‡∏ú‡∏™‡∏°‡∏Ç‡∏≠‡∏á Ceramide ‡∏ó‡∏µ‡πà‡∏ä‡πà‡∏ß‡∏¢‡πÄ‡∏™‡∏£‡∏¥‡∏°‡πÄ‡∏Å‡∏£‡∏≤‡∏∞‡∏õ‡πâ‡∏≠‡∏á‡∏Å‡∏±‡∏ô‡∏ú‡∏¥‡∏ß ‡πÉ‡∏´‡πâ‡∏ú‡∏¥‡∏ß‡πÅ‡∏Ç‡πá‡∏á‡πÅ‡∏£‡∏á‡∏î‡πâ‡∏ß‡∏¢ ‡∏û‡∏¥‡∏Å‡∏±‡∏î (aff) : https://t.co/9L42ofBYvg https://t.co/WouFfb9fQq","1851129917645439239","https://pbs.twimg.com/media/GbCI2CGbQAEmf88.jpg","kynnsk","th","‡∏ï‡∏¥‡∏î‡∏ï‡πà‡∏≠ = DM / Line","0","0","1","https://x.com/kynnsk/status/1851129917645439239","925587023724920832","kynnsk"
"1851114271268372585","Tue Oct 29 04:10:08 +0000 2024","5","For me Skintific ok dengan muka I but kalau tersalah ambil set memang barai kulit. Dulu I pakai toner pink which memang tak sesuai untuk orang kulit kering. But bila tukar moisturiser biru baru skin barrier elok","1851114271268372585","","","in","","0","1","0","https://x.com/markonahajis/status/1851114271268372585","228180161","markonahajis"
"1851969913901957258","Thu Oct 31 12:57:52 +0000 2024","0","@convomf buat aku skintific niacin sih melembabkannya dapet sama brighteningnya oke banget walau tipe kulitku normal to oily tapi kalau pake moist nya skintific ini malah berkurang minyaknya apalagi area hidung","1851971852748624106","","convomf","in","Heej, Nings. ‚ô°","0","0","0","https://x.com/heeningi/status/1851971852748624106","1470717946792009728","heeningi"
"1764253638162280930","Sun Mar 03 11:37:00 +0000 2024","221","‡∏™‡πà‡∏ß‡∏ô‡∏õ‡∏£‡∏∞‡∏Å‡∏≠‡∏ö‡∏™‡∏≥‡∏Ñ‡∏±‡∏ç‡∏Ñ‡∏∏‡∏ä‡∏ä‡∏±‡πà‡∏ô Skintific 1.Centella Asiatiqa : ‡∏õ‡∏•‡∏≠‡∏ö‡∏õ‡∏£‡∏∞‡πÇ‡∏•‡∏°‡πÅ‡∏•‡∏∞‡πÉ‡∏´‡πâ‡∏Ñ‡∏ß‡∏≤‡∏°‡∏ä‡∏∏‡πà‡∏°‡∏ä‡∏∑‡πâ‡∏ô‡πÅ‡∏Å‡πà‡∏ú‡∏¥‡∏ß‡∏Ç‡∏≠‡∏á‡∏Ñ‡∏∏‡∏ì 2.Ceramide : ‡πÄ‡∏ã‡∏£‡∏≤‡πÑ‡∏°‡∏î‡πå ‡πÄ‡∏™‡∏£‡∏¥‡∏°‡πÄ‡∏Å‡∏£‡∏≤‡∏∞‡∏õ‡πâ‡∏≠‡∏á‡∏Å‡∏±‡∏ô‡∏ú‡∏¥‡∏ß 3.Hyaluronic Acid : ‡πÉ‡∏´‡πâ‡∏Ñ‡∏ß‡∏≤‡∏°‡∏ä‡∏∏‡πà‡∏°‡∏ä‡∏∑‡πâ‡∏ô‡πÅ‡∏Å‡πà‡∏ú‡∏¥‡∏ß‡πÅ‡∏•‡∏∞‡∏•‡∏ö‡πÄ‡∏•‡∏∑‡∏≠‡∏ô‡∏£‡∏¥‡πâ‡∏ß‡∏£‡∏≠‡∏¢ PERFECT CUSHION X SAROCHA #SkintificTHxFreen","1764253638162280930","","","th","Freen‚Äôs housewives association","1","12","224","https://x.com/minaphile0324/status/1764253638162280930","215247983","minaphile0324"
"1851084698501751234","Tue Oct 29 02:53:52 +0000 2024","28","@sara_nikka Personally for me i rasa skintific products work well on me especially the niacinamide moisturiser tu &amp; lip serum. Kulit rasa lembut je the next day. I guess memang lain orang lain hasilnya kot.","1851095076208017449","","sara_nikka","en","Malaysia","0","1","1","https://x.com/tattyhassan/status/1851095076208017449","1533539520","tattyhassan"
"1851084698501751234","Tue Oct 29 06:03:11 +0000 2024","0","@sara_nikka I use a lot of safi and cosmoderm. Skintific moisturizer is not for my particular skin causing breakouts not to mention the lack of diversity in the shades of cushion foundation. I but wardah and emina for my teen.","1851142717923086496","","sara_nikka","en","a village ","0","0","0","https://x.com/juliahjohan/status/1851142717923086496","1163835686258003968","juliahjohan"
"1851200459840913677","Tue Oct 29 10:44:10 +0000 2024","0","@sheisshuuu baru tengok poll tu. skintific tu lagi sesuai for dry skin. dia agak heavy for oily skin. tak boleh sapu banyak. kalau torriden apply banyak2 pun ringan je kat muka. cepat absorb","1851213432634425490","","sheisshuuu","in","Malaysia","0","1","0","https://x.com/araaqifa/status/1851213432634425490","1795399400174604288","araaqifa"
"1851610099514798453","Wed Oct 30 13:08:10 +0000 2024","3","https://t.co/xTIxOHSAKQ [ ‡∏™‡∏£‡∏∏‡∏õ ] ‡πÉ‡∏Ñ‡∏£‡∏Å‡∏≥‡∏•‡∏±‡∏á‡∏°‡∏≠‡∏á‡∏´‡∏≤ Moisturizer ‡πÄ‡∏ô‡πâ‡∏ô‡∏ü‡∏∑‡πâ‡∏ô‡∏ü‡∏π‡πÅ‡∏•‡∏∞‡πÄ‡∏™‡∏£‡∏¥‡∏°‡∏ä‡∏±‡πâ‡∏ô‡∏ú‡∏¥‡∏ß‡πÉ‡∏´‡πâ‡πÅ‡∏Ç‡πá‡∏á‡πÅ‡∏£‡∏á‡πÑ‡∏î‡πâ‡∏à‡∏£‡∏¥‡∏á ‡∏á‡πà‡∏≤‡∏¢‡πÜ‡∏ó‡∏≤‡∏ï‡∏±‡∏ß‡πÄ‡∏î‡∏µ‡∏¢‡∏ß‡∏à‡∏ö ‡∏ú‡∏°‡πÄ‡∏ä‡∏µ‡∏¢‡∏£‡πå‡∏ï‡∏±‡∏ß‡∏ô‡∏µ‡πâ‡πÄ‡∏•‡∏¢‡∏Ñ‡∏£‡∏±‡∏ö ‡πÄ‡∏û‡∏£‡∏≤‡∏∞‡πÄ‡∏ô‡∏∑‡πâ‡∏≠‡πÄ‡∏Ñ‡πâ‡∏≤‡∏ö‡∏≤‡∏á‡πÄ‡∏ö‡∏≤‡∏™‡∏ö‡∏≤‡∏¢‡∏ú‡∏¥‡∏ß‡πÅ‡∏ï‡πà‡πÉ‡∏´‡πâ‡∏Ñ‡∏ß‡∏≤‡∏°‡∏ä‡∏∏‡πà‡∏°‡∏ä‡∏∑‡πâ‡∏ô‡∏î‡∏µ ‡∏ú‡∏¥‡∏ß‡πÄ‡∏õ‡πá‡∏ô‡∏™‡∏¥‡∏ß‡∏Å‡πá‡πÉ‡∏ä‡πâ‡πÑ‡∏î‡πâ ‡πÑ‡∏°‡πà‡∏£‡∏ö‡∏Å‡∏ß‡∏ô‡πÄ‡∏°‡∏Ñ‡∏≠‡∏±‡∏û‡∏î‡πâ‡∏ß‡∏¢ ‡πÄ‡∏´‡∏°‡∏≤‡∏∞‡∏Å‡∏±‡∏ö‡∏ó‡∏∏‡∏Å‡∏™‡∏†‡∏≤‡∏û‡∏ú‡∏¥‡∏ß‡πÄ‡∏•‡∏¢‡∏Ñ‡∏£‡∏±‡∏ö","1851612057646637552","","chin_skinnerd","th","üî¨Cosmetic Scientist","0","0","1","https://x.com/chin_skinnerd/status/1851612057646637552","88648048","chin_skinnerd"
"1850834913588883863","Mon Oct 28 09:47:22 +0000 2024","0","‡πÄ‡∏£‡∏≤‡∏£‡∏µ‡∏ß‡∏¥‡∏ß‡∏ö‡πà‡∏≠‡∏¢‡∏°‡∏≤‡∏Å‡∏Å‡∏Å‡πÉ‡∏ä‡πâ‡πÅ‡∏•‡πâ‡∏ß‡∏ä‡∏≠‡∏ö‡∏à‡∏£‡∏¥‡∏á ‡πÉ‡∏ä‡πâ‡∏î‡∏µ‡∏à‡∏£‡∏¥‡∏á‡πÅ‡∏ñ‡∏°‡∏£‡∏≤‡∏Ñ‡∏≤‡∏ô‡πà‡∏≤‡∏£‡∏±‡∏Å ‡∏ã‡∏∑‡πâ‡∏≠‡∏ä‡πà‡∏ß‡∏á‡∏°‡∏µ‡πÇ‡∏õ‡∏£‡πÉ‡∏ä‡πâ‡πÇ‡∏Ñ‡πâ‡∏î‡∏•‡∏î‡πÑ‡∏î‡πâ‡∏≠‡∏µ‡∏Å ‡∏Ñ‡∏∏‡πâ‡∏°‡∏°‡∏±‡πà‡∏Å ‡∏ï‡∏±‡∏ß‡∏°‡πâ‡∏≠‡∏¢‡∏™‡πå‡∏°‡∏µ‡∏Å‡∏•‡∏¥‡πà‡∏ô‡∏≠‡πà‡∏≠‡∏ô‡πÜ‡∏ô‡πâ‡∏≤ Skintific official (aff)‚≠êÔ∏è : https://t.co/jDaortfPRz : https://t.co/5Vhi7fNuoi","1850836749892935788","","lisabubblegummy","th","dm for work / id line : czkiki","0","0","0","https://x.com/lisabubblegummy/status/1850836749892935788","1059332170706116609","lisabubblegummy"
